Inno Setup 6 Command-Line Compiler
Copyright (C) 1997-2026 Jordan Russell. All rights reserved.
Portions Copyright (C) 2000-2026 Martijn Laan. All rights reserved.
Portions Copyright (C) 2001-2004 Alex Yackimoff. All rights reserved.
https://www.innosetup.com

Compiler engine version: Inno Setup 6.7.3
Non-commercial use only

Preprocessing
   Reading file: C:\Users\LAMB\AppData\Local\Programs\Inno Setup 6\ISPPBuiltins.iss
Parsing [Setup] section, line 28
Parsing [Setup] section, line 29
Parsing [Setup] section, line 30
Parsing [Setup] section, line 31
Parsing [Setup] section, line 32
Parsing [Setup] section, line 33
Parsing [Setup] section, line 34
Parsing [Setup] section, line 39
Parsing [Setup] section, line 40
Parsing [Setup] section, line 41
Parsing [Setup] section, line 42
Parsing [Setup] section, line 43
Parsing [Setup] section, line 44
Parsing [Setup] section, line 45
Parsing [Setup] section, line 46
Parsing [Setup] section, line 47
Parsing [Setup] section, line 48
Parsing [Setup] section, line 49
Reading file (WizardImageFile)
Reading file (WizardSmallImageFile)
Preparing Setup program executable
   Verification successful
   Updating icons (Setup.e32)
   Updating version info (Setup.e32)
Determining language code pages
Parsing [Languages] section, line 52
   Reading file: C:\Users\LAMB\AppData\Local\Programs\Inno Setup 6\Default.isl
Parsing [Languages] section, line 53
   Reading file: C:\Users\LAMB\AppData\Local\Programs\Inno Setup 6\Languages\BrazilianPortuguese.isl
   Messages in script file
Reading default messages from Default.isl
Parsing [Languages] section, line 52
   Reading file: C:\Users\LAMB\AppData\Local\Programs\Inno Setup 6\Default.isl
Parsing [Languages] section, line 53
   Reading file: C:\Users\LAMB\AppData\Local\Programs\Inno Setup 6\Languages\BrazilianPortuguese.isl
Parsing [LangOptions], [Messages], and [CustomMessages] sections
   Messages in script file
Reading [Code] section
Parsing [Tasks] section, line 63
Parsing [Icons] section, line 74
Parsing [Icons] section, line 75
Parsing [Icons] section, line 76
Parsing [UninstallDelete] section, line 101
Parsing [UninstallDelete] section, line 102
Parsing [Run] section, line 82
Parsing [Run] section, line 90
Parsing [Run] section, line 94
Parsing [Files] section, line 71
Creating setup files
   Verification successful
   Updating icons (Setup.exe)
   Compressing: C:\Users\LAMB\Desktop\qcs_sage\packaging\dist\QCS\QCS.exe
   Compressing: C:\Users\LAMB\Desktop\qcs_sage\packaging\dist\QCS\Quality Control System (SAGE) - User Manual.html
   Compressing: C:\Users\LAMB\Desktop\qcs_sage\packaging\dist\QCS\_internal\api-ms-win-core-console-l1-1-0.dll
   Compressing: C:\Users\LAMB\Desktop\qcs_sage\packaging\dist\QCS\_internal\api-ms-win-core-datetime-l1-1-0.dll
   Compressing: C:\Users\LAMB\Desktop\qcs_sage\packaging\dist\QCS\_internal\api-ms-win-core-debug-l1-1-0.dll
   Compressing: C:\Users\LAMB\Desktop\qcs_sage\packaging\dist\QCS\_internal\api-ms-win-core-errorhandling-l1-1-0.dll
   Compressing: C:\Users\LAMB\Desktop\qcs_sage\packaging\dist\QCS\_internal\api-ms-win-core-fibers-l1-1-0.dll
   Compressing: C:\Users\LAMB\Desktop\qcs_sage\packaging\dist\QCS\_internal\api-ms-win-core-fibers-l1-1-1.dll
   Compressing: C:\Users\LAMB\Desktop\qcs_sage\packaging\dist\QCS\_internal\api-ms-win-core-file-l1-1-0.dll
   Compressing: C:\Users\LAMB\Desktop\qcs_sage\packaging\dist\QCS\_internal\api-ms-win-core-file-l1-2-0.dll
   Compressing: C:\Users\LAMB\Desktop\qcs_sage\packaging\dist\QCS\_internal\api-ms-win-core-file-l2-1-0.dll
   Compressing: C:\Users\LAMB\Desktop\qcs_sage\packaging\dist\QCS\_internal\api-ms-win-core-handle-l1-1-0.dll
   Compressing: C:\Users\LAMB\Desktop\qcs_sage\packaging\dist\QCS\_internal\api-ms-win-core-heap-l1-1-0.dll
   Compressing: C:\Users\LAMB\Desktop\qcs_sage\packaging\dist\QCS\_internal\api-ms-win-core-interlocked-l1-1-0.dll
   Compressing: C:\Users\LAMB\Desktop\qcs_sage\packaging\dist\QCS\_internal\api-ms-win-core-kernel32-legacy-l1-1-1.dll
   Compressing: C:\Users\LAMB\Desktop\qcs_sage\packaging\dist\QCS\_internal\api-ms-win-core-libraryloader-l1-1-0.dll
   Compressing: C:\Users\LAMB\Desktop\qcs_sage\packaging\dist\QCS\_internal\api-ms-win-core-localization-l1-2-0.dll
   Compressing: C:\Users\LAMB\Desktop\qcs_sage\packaging\dist\QCS\_internal\api-ms-win-core-memory-l1-1-0.dll
   Compressing: C:\Users\LAMB\Desktop\qcs_sage\packaging\dist\QCS\_internal\api-ms-win-core-namedpipe-l1-1-0.dll
   Compressing: C:\Users\LAMB\Desktop\qcs_sage\packaging\dist\QCS\_internal\api-ms-win-core-processenvironment-l1-1-0.dll
   Compressing: C:\Users\LAMB\Desktop\qcs_sage\packaging\dist\QCS\_internal\api-ms-win-core-processthreads-l1-1-0.dll
   Compressing: C:\Users\LAMB\Desktop\qcs_sage\packaging\dist\QCS\_internal\api-ms-win-core-processthreads-l1-1-1.dll
   Compressing: C:\Users\LAMB\Desktop\qcs_sage\packaging\dist\QCS\_internal\api-ms-win-core-profile-l1-1-0.dll
   Compressing: C:\Users\LAMB\Desktop\qcs_sage\packaging\dist\QCS\_internal\api-ms-win-core-rtlsupport-l1-1-0.dll
   Compressing: C:\Users\LAMB\Desktop\qcs_sage\packaging\dist\QCS\_internal\api-ms-win-core-string-l1-1-0.dll
   Compressing: C:\Users\LAMB\Desktop\qcs_sage\packaging\dist\QCS\_internal\api-ms-win-core-synch-l1-1-0.dll
   Compressing: C:\Users\LAMB\Desktop\qcs_sage\packaging\dist\QCS\_internal\api-ms-win-core-synch-l1-2-0.dll
   Compressing: C:\Users\LAMB\Desktop\qcs_sage\packaging\dist\QCS\_internal\api-ms-win-core-sysinfo-l1-1-0.dll
   Compressing: C:\Users\LAMB\Desktop\qcs_sage\packaging\dist\QCS\_internal\api-ms-win-core-sysinfo-l1-2-0.dll
   Compressing: C:\Users\LAMB\Desktop\qcs_sage\packaging\dist\QCS\_internal\api-ms-win-core-timezone-l1-1-0.dll
   Compressing: C:\Users\LAMB\Desktop\qcs_sage\packaging\dist\QCS\_internal\api-ms-win-core-util-l1-1-0.dll
   Compressing: C:\Users\LAMB\Desktop\qcs_sage\packaging\dist\QCS\_internal\api-ms-win-crt-conio-l1-1-0.dll
   Compressing: C:\Users\LAMB\Desktop\qcs_sage\packaging\dist\QCS\_internal\api-ms-win-crt-convert-l1-1-0.dll
   Compressing: C:\Users\LAMB\Desktop\qcs_sage\packaging\dist\QCS\_internal\api-ms-win-crt-environment-l1-1-0.dll
   Compressing: C:\Users\LAMB\Desktop\qcs_sage\packaging\dist\QCS\_internal\api-ms-win-crt-filesystem-l1-1-0.dll
   Compressing: C:\Users\LAMB\Desktop\qcs_sage\packaging\dist\QCS\_internal\api-ms-win-crt-heap-l1-1-0.dll
   Compressing: C:\Users\LAMB\Desktop\qcs_sage\packaging\dist\QCS\_internal\api-ms-win-crt-locale-l1-1-0.dll
   Compressing: C:\Users\LAMB\Desktop\qcs_sage\packaging\dist\QCS\_internal\api-ms-win-crt-math-l1-1-0.dll
   Compressing: C:\Users\LAMB\Desktop\qcs_sage\packaging\dist\QCS\_internal\api-ms-win-crt-private-l1-1-0.dll
   Compressing: C:\Users\LAMB\Desktop\qcs_sage\packaging\dist\QCS\_internal\api-ms-win-crt-process-l1-1-0.dll
   Compressing: C:\Users\LAMB\Desktop\qcs_sage\packaging\dist\QCS\_internal\api-ms-win-crt-runtime-l1-1-0.dll
   Compressing: C:\Users\LAMB\Desktop\qcs_sage\packaging\dist\QCS\_internal\api-ms-win-crt-stdio-l1-1-0.dll
   Compressing: C:\Users\LAMB\Desktop\qcs_sage\packaging\dist\QCS\_internal\api-ms-win-crt-string-l1-1-0.dll
   Compressing: C:\Users\LAMB\Desktop\qcs_sage\packaging\dist\QCS\_internal\api-ms-win-crt-time-l1-1-0.dll
   Compressing: C:\Users\LAMB\Desktop\qcs_sage\packaging\dist\QCS\_internal\api-ms-win-crt-utility-l1-1-0.dll
   Compressing: C:\Users\LAMB\Desktop\qcs_sage\packaging\dist\QCS\_internal\base_library.zip
   Compressing: C:\Users\LAMB\Desktop\qcs_sage\packaging\dist\QCS\_internal\ffi.dll
   Compressing: C:\Users\LAMB\Desktop\qcs_sage\packaging\dist\QCS\_internal\LIBBZ2.dll
   Compressing: C:\Users\LAMB\Desktop\qcs_sage\packaging\dist\QCS\_internal\libcrypto-3-x64.dll
   Compressing: C:\Users\LAMB\Desktop\qcs_sage\packaging\dist\QCS\_internal\libexpat.dll
   Compressing: C:\Users\LAMB\Desktop\qcs_sage\packaging\dist\QCS\_internal\liblzma.dll
   Compressing: C:\Users\LAMB\Desktop\qcs_sage\packaging\dist\QCS\_internal\libmpdec-4.dll
   Compressing: C:\Users\LAMB\Desktop\qcs_sage\packaging\dist\QCS\_internal\libssl-3-x64.dll
   Compressing: C:\Users\LAMB\Desktop\qcs_sage\packaging\dist\QCS\_internal\MSVCP140.dll
   Compressing: C:\Users\LAMB\Desktop\qcs_sage\packaging\dist\QCS\_internal\pyexpat.pyd
   Compressing: C:\Users\LAMB\Desktop\qcs_sage\packaging\dist\QCS\_internal\python3.dll
   Compressing: C:\Users\LAMB\Desktop\qcs_sage\packaging\dist\QCS\_internal\python313.dll
   Compressing: C:\Users\LAMB\Desktop\qcs_sage\packaging\dist\QCS\_internal\qcs_icon.ico
   Compressing: C:\Users\LAMB\Desktop\qcs_sage\packaging\dist\QCS\_internal\qcs_icon.png
   Compressing: C:\Users\LAMB\Desktop\qcs_sage\packaging\dist\QCS\_internal\select.pyd
   Compressing: C:\Users\LAMB\Desktop\qcs_sage\packaging\dist\QCS\_internal\sqlite3.dll
   Compressing: C:\Users\LAMB\Desktop\qcs_sage\packaging\dist\QCS\_internal\tcl86t.dll
   Compressing: C:\Users\LAMB\Desktop\qcs_sage\packaging\dist\QCS\_internal\tk86t.dll
   Compressing: C:\Users\LAMB\Desktop\qcs_sage\packaging\dist\QCS\_internal\ucrtbase.dll
   Compressing: C:\Users\LAMB\Desktop\qcs_sage\packaging\dist\QCS\_internal\unicodedata.pyd
   Compressing: C:\Users\LAMB\Desktop\qcs_sage\packaging\dist\QCS\_internal\VCRUNTIME140.dll
   Compressing: C:\Users\LAMB\Desktop\qcs_sage\packaging\dist\QCS\_internal\VCRUNTIME140_1.dll
   Compressing: C:\Users\LAMB\Desktop\qcs_sage\packaging\dist\QCS\_internal\zlib.dll
   Compressing: C:\Users\LAMB\Desktop\qcs_sage\packaging\dist\QCS\_internal\_asyncio.pyd
   Compressing: C:\Users\LAMB\Desktop\qcs_sage\packaging\dist\QCS\_internal\_bz2.pyd
   Compressing: C:\Users\LAMB\Desktop\qcs_sage\packaging\dist\QCS\_internal\_ctypes.pyd
   Compressing: C:\Users\LAMB\Desktop\qcs_sage\packaging\dist\QCS\_internal\_decimal.pyd
   Compressing: C:\Users\LAMB\Desktop\qcs_sage\packaging\dist\QCS\_internal\_elementtree.pyd
   Compressing: C:\Users\LAMB\Desktop\qcs_sage\packaging\dist\QCS\_internal\_hashlib.pyd
   Compressing: C:\Users\LAMB\Desktop\qcs_sage\packaging\dist\QCS\_internal\_lzma.pyd
   Compressing: C:\Users\LAMB\Desktop\qcs_sage\packaging\dist\QCS\_internal\_multiprocessing.pyd
   Compressing: C:\Users\LAMB\Desktop\qcs_sage\packaging\dist\QCS\_internal\_overlapped.pyd
   Compressing: C:\Users\LAMB\Desktop\qcs_sage\packaging\dist\QCS\_internal\_queue.pyd
   Compressing: C:\Users\LAMB\Desktop\qcs_sage\packaging\dist\QCS\_internal\_socket.pyd
   Compressing: C:\Users\LAMB\Desktop\qcs_sage\packaging\dist\QCS\_internal\_sqlite3.pyd
   Compressing: C:\Users\LAMB\Desktop\qcs_sage\packaging\dist\QCS\_internal\_ssl.pyd
   Compressing: C:\Users\LAMB\Desktop\qcs_sage\packaging\dist\QCS\_internal\_tkinter.pyd
   Compressing: C:\Users\LAMB\Desktop\qcs_sage\packaging\dist\QCS\_internal\_uuid.pyd
   Compressing: C:\Users\LAMB\Desktop\qcs_sage\packaging\dist\QCS\_internal\_wmi.pyd
   Compressing: C:\Users\LAMB\Desktop\qcs_sage\packaging\dist\QCS\_internal\batch\replicate_decisions.csv
   Compressing: C:\Users\LAMB\Desktop\qcs_sage\packaging\dist\QCS\_internal\certifi\cacert.pem
   Compressing: C:\Users\LAMB\Desktop\qcs_sage\packaging\dist\QCS\_internal\certifi\core.py
   Compressing: C:\Users\LAMB\Desktop\qcs_sage\packaging\dist\QCS\_internal\certifi\py.typed
   Compressing: C:\Users\LAMB\Desktop\qcs_sage\packaging\dist\QCS\_internal\certifi\__init__.py
   Compressing: C:\Users\LAMB\Desktop\qcs_sage\packaging\dist\QCS\_internal\certifi\__main__.py
   Compressing: C:\Users\LAMB\Desktop\qcs_sage\packaging\dist\QCS\_internal\certifi\tests\test_certify.py
   Compressing: C:\Users\LAMB\Desktop\qcs_sage\packaging\dist\QCS\_internal\certifi\tests\__init__.py
   Compressing: C:\Users\LAMB\Desktop\qcs_sage\packaging\dist\QCS\_internal\certifi-2026.7.22.dist-info\INSTALLER
   Compressing: C:\Users\LAMB\Desktop\qcs_sage\packaging\dist\QCS\_internal\certifi-2026.7.22.dist-info\METADATA
   Compressing: C:\Users\LAMB\Desktop\qcs_sage\packaging\dist\QCS\_internal\certifi-2026.7.22.dist-info\RECORD
   Compressing: C:\Users\LAMB\Desktop\qcs_sage\packaging\dist\QCS\_internal\certifi-2026.7.22.dist-info\REQUESTED
   Compressing: C:\Users\LAMB\Desktop\qcs_sage\packaging\dist\QCS\_internal\certifi-2026.7.22.dist-info\top_level.txt
   Compressing: C:\Users\LAMB\Desktop\qcs_sage\packaging\dist\QCS\_internal\certifi-2026.7.22.dist-info\WHEEL
   Compressing: C:\Users\LAMB\Desktop\qcs_sage\packaging\dist\QCS\_internal\certifi-2026.7.22.dist-info\licenses\LICENSE
   Compressing: C:\Users\LAMB\Desktop\qcs_sage\packaging\dist\QCS\_internal\contourpy\_contourpy.cp313-win_amd64.pyd
   Compressing: C:\Users\LAMB\Desktop\qcs_sage\packaging\dist\QCS\_internal\dateutil\zoneinfo\dateutil-zoneinfo.tar.gz
   Compressing: C:\Users\LAMB\Desktop\qcs_sage\packaging\dist\QCS\_internal\gsw\conversions.py
   Compressing: C:\Users\LAMB\Desktop\qcs_sage\packaging\dist\QCS\_internal\gsw\density.py
   Compressing: C:\Users\LAMB\Desktop\qcs_sage\packaging\dist\QCS\_internal\gsw\energy.py
   Compressing: C:\Users\LAMB\Desktop\qcs_sage\packaging\dist\QCS\_internal\gsw\freezing.py
   Compressing: C:\Users\LAMB\Desktop\qcs_sage\packaging\dist\QCS\_internal\gsw\geostrophy.py
   Compressing: C:\Users\LAMB\Desktop\qcs_sage\packaging\dist\QCS\_internal\gsw\ice.py
   Compressing: C:\Users\LAMB\Desktop\qcs_sage\packaging\dist\QCS\_internal\gsw\interpolation.py
   Compressing: C:\Users\LAMB\Desktop\qcs_sage\packaging\dist\QCS\_internal\gsw\stability.py
   Compressing: C:\Users\LAMB\Desktop\qcs_sage\packaging\dist\QCS\_internal\gsw\utility.py
   Compressing: C:\Users\LAMB\Desktop\qcs_sage\packaging\dist\QCS\_internal\gsw\_fixed_wrapped_ufuncs.py
   Compressing: C:\Users\LAMB\Desktop\qcs_sage\packaging\dist\QCS\_internal\gsw\_gsw_ufuncs.pyd
   Compressing: C:\Users\LAMB\Desktop\qcs_sage\packaging\dist\QCS\_internal\gsw\_utilities.py
   Compressing: C:\Users\LAMB\Desktop\qcs_sage\packaging\dist\QCS\_internal\gsw\_version.py
   Compressing: C:\Users\LAMB\Desktop\qcs_sage\packaging\dist\QCS\_internal\gsw\_wrapped_ufuncs.py
   Compressing: C:\Users\LAMB\Desktop\qcs_sage\packaging\dist\QCS\_internal\gsw\__init__.py
   Compressing: C:\Users\LAMB\Desktop\qcs_sage\packaging\dist\QCS\_internal\gsw\tests\check_functions.py
   Compressing: C:\Users\LAMB\Desktop\qcs_sage\packaging\dist\QCS\_internal\gsw\tests\geo_strf_dyn_height.npy
   Compressing: C:\Users\LAMB\Desktop\qcs_sage\packaging\dist\QCS\_internal\gsw\tests\geo_strf_steric_height.npy
   Compressing: C:\Users\LAMB\Desktop\qcs_sage\packaging\dist\QCS\_internal\gsw\tests\geo_strf_velocity.npy
   Compressing: C:\Users\LAMB\Desktop\qcs_sage\packaging\dist\QCS\_internal\gsw\tests\gsw_check_functions_save.m
   Compressing: C:\Users\LAMB\Desktop\qcs_sage\packaging\dist\QCS\_internal\gsw\tests\gsw_cv_v3_0.npz
   Compressing: C:\Users\LAMB\Desktop\qcs_sage\packaging\dist\QCS\_internal\gsw\tests\list_check_functions.py
   Compressing: C:\Users\LAMB\Desktop\qcs_sage\packaging\dist\QCS\_internal\gsw\tests\test_check_functions.py
   Compressing: C:\Users\LAMB\Desktop\qcs_sage\packaging\dist\QCS\_internal\gsw\tests\test_dll_export.py
   Compressing: C:\Users\LAMB\Desktop\qcs_sage\packaging\dist\QCS\_internal\gsw\tests\test_geostrophy.py
   Compressing: C:\Users\LAMB\Desktop\qcs_sage\packaging\dist\QCS\_internal\gsw\tests\test_gibbs.py
   Compressing: C:\Users\LAMB\Desktop\qcs_sage\packaging\dist\QCS\_internal\gsw\tests\test_interpolation.py
   Compressing: C:\Users\LAMB\Desktop\qcs_sage\packaging\dist\QCS\_internal\gsw\tests\test_utility.py
   Compressing: C:\Users\LAMB\Desktop\qcs_sage\packaging\dist\QCS\_internal\gsw\tests\test_xarray.py
   Compressing: C:\Users\LAMB\Desktop\qcs_sage\packaging\dist\QCS\_internal\gsw\tests\write_geo_npyfiles.py
   Compressing: C:\Users\LAMB\Desktop\qcs_sage\packaging\dist\QCS\_internal\gsw\tests\_WIP_test_ufuncs.py
   Compressing: C:\Users\LAMB\Desktop\qcs_sage\packaging\dist\QCS\_internal\gsw-3.6.21.dist-info\INSTALLER
   Compressing: C:\Users\LAMB\Desktop\qcs_sage\packaging\dist\QCS\_internal\gsw-3.6.21.dist-info\METADATA
   Compressing: C:\Users\LAMB\Desktop\qcs_sage\packaging\dist\QCS\_internal\gsw-3.6.21.dist-info\RECORD
   Compressing: C:\Users\LAMB\Desktop\qcs_sage\packaging\dist\QCS\_internal\gsw-3.6.21.dist-info\REQUESTED
   Compressing: C:\Users\LAMB\Desktop\qcs_sage\packaging\dist\QCS\_internal\gsw-3.6.21.dist-info\top_level.txt
   Compressing: C:\Users\LAMB\Desktop\qcs_sage\packaging\dist\QCS\_internal\gsw-3.6.21.dist-info\WHEEL
   Compressing: C:\Users\LAMB\Desktop\qcs_sage\packaging\dist\QCS\_internal\gsw-3.6.21.dist-info\licenses\LICENSE.txt
   Compressing: C:\Users\LAMB\Desktop\qcs_sage\packaging\dist\QCS\_internal\icons\fluent\customize.svg
   Compressing: C:\Users\LAMB\Desktop\qcs_sage\packaging\dist\QCS\_internal\icons\fluent\home.svg
   Compressing: C:\Users\LAMB\Desktop\qcs_sage\packaging\dist\QCS\_internal\icons\fluent\LICENSE.txt
   Compressing: C:\Users\LAMB\Desktop\qcs_sage\packaging\dist\QCS\_internal\icons\fluent\pan.svg
   Compressing: C:\Users\LAMB\Desktop\qcs_sage\packaging\dist\QCS\_internal\icons\fluent\README.md
   Compressing: C:\Users\LAMB\Desktop\qcs_sage\packaging\dist\QCS\_internal\icons\fluent\save.svg
   Compressing: C:\Users\LAMB\Desktop\qcs_sage\packaging\dist\QCS\_internal\icons\fluent\subplots.svg
   Compressing: C:\Users\LAMB\Desktop\qcs_sage\packaging\dist\QCS\_internal\icons\fluent\zoom.svg
   Compressing: C:\Users\LAMB\Desktop\qcs_sage\packaging\dist\QCS\_internal\kiwisolver\_cext.cp313-win_amd64.pyd
   Compressing: C:\Users\LAMB\Desktop\qcs_sage\packaging\dist\QCS\_internal\matplotlib\ft2font.cp313-win_amd64.pyd
   Compressing: C:\Users\LAMB\Desktop\qcs_sage\packaging\dist\QCS\_internal\matplotlib\_c_internal_utils.cp313-win_amd64.pyd
   Compressing: C:\Users\LAMB\Desktop\qcs_sage\packaging\dist\QCS\_internal\matplotlib\_image.cp313-win_amd64.pyd
   Compressing: C:\Users\LAMB\Desktop\qcs_sage\packaging\dist\QCS\_internal\matplotlib\_path.cp313-win_amd64.pyd
   Compressing: C:\Users\LAMB\Desktop\qcs_sage\packaging\dist\QCS\_internal\matplotlib\_qhull.cp313-win_amd64.pyd
   Compressing: C:\Users\LAMB\Desktop\qcs_sage\packaging\dist\QCS\_internal\matplotlib\_tri.cp313-win_amd64.pyd
   Compressing: C:\Users\LAMB\Desktop\qcs_sage\packaging\dist\QCS\_internal\matplotlib\backends\_backend_agg.cp313-win_amd64.pyd
   Compressing: C:\Users\LAMB\Desktop\qcs_sage\packaging\dist\QCS\_internal\matplotlib\mpl-data\kpsewhich.lua
   Compressing: C:\Users\LAMB\Desktop\qcs_sage\packaging\dist\QCS\_internal\matplotlib\mpl-data\matplotlibrc
   Compressing: C:\Users\LAMB\Desktop\qcs_sage\packaging\dist\QCS\_internal\matplotlib\mpl-data\fonts\afm\cmex10.afm
   Compressing: C:\Users\LAMB\Desktop\qcs_sage\packaging\dist\QCS\_internal\matplotlib\mpl-data\fonts\afm\cmmi10.afm
   Compressing: C:\Users\LAMB\Desktop\qcs_sage\packaging\dist\QCS\_internal\matplotlib\mpl-data\fonts\afm\cmr10.afm
   Compressing: C:\Users\LAMB\Desktop\qcs_sage\packaging\dist\QCS\_internal\matplotlib\mpl-data\fonts\afm\cmsy10.afm
   Compressing: C:\Users\LAMB\Desktop\qcs_sage\packaging\dist\QCS\_internal\matplotlib\mpl-data\fonts\afm\cmtt10.afm
   Compressing: C:\Users\LAMB\Desktop\qcs_sage\packaging\dist\QCS\_internal\matplotlib\mpl-data\fonts\afm\pagd8a.afm
   Compressing: C:\Users\LAMB\Desktop\qcs_sage\packaging\dist\QCS\_internal\matplotlib\mpl-data\fonts\afm\pagdo8a.afm
   Compressing: C:\Users\LAMB\Desktop\qcs_sage\packaging\dist\QCS\_internal\matplotlib\mpl-data\fonts\afm\pagk8a.afm
   Compressing: C:\Users\LAMB\Desktop\qcs_sage\packaging\dist\QCS\_internal\matplotlib\mpl-data\fonts\afm\pagko8a.afm
   Compressing: C:\Users\LAMB\Desktop\qcs_sage\packaging\dist\QCS\_internal\matplotlib\mpl-data\fonts\afm\pbkd8a.afm
   Compressing: C:\Users\LAMB\Desktop\qcs_sage\packaging\dist\QCS\_internal\matplotlib\mpl-data\fonts\afm\pbkdi8a.afm
   Compressing: C:\Users\LAMB\Desktop\qcs_sage\packaging\dist\QCS\_internal\matplotlib\mpl-data\fonts\afm\pbkl8a.afm
   Compressing: C:\Users\LAMB\Desktop\qcs_sage\packaging\dist\QCS\_internal\matplotlib\mpl-data\fonts\afm\pbkli8a.afm
   Compressing: C:\Users\LAMB\Desktop\qcs_sage\packaging\dist\QCS\_internal\matplotlib\mpl-data\fonts\afm\pcrb8a.afm
   Compressing: C:\Users\LAMB\Desktop\qcs_sage\packaging\dist\QCS\_internal\matplotlib\mpl-data\fonts\afm\pcrbo8a.afm
   Compressing: C:\Users\LAMB\Desktop\qcs_sage\packaging\dist\QCS\_internal\matplotlib\mpl-data\fonts\afm\pcrr8a.afm
   Compressing: C:\Users\LAMB\Desktop\qcs_sage\packaging\dist\QCS\_internal\matplotlib\mpl-data\fonts\afm\pcrro8a.afm
   Compressing: C:\Users\LAMB\Desktop\qcs_sage\packaging\dist\QCS\_internal\matplotlib\mpl-data\fonts\afm\phvb8a.afm
   Compressing: C:\Users\LAMB\Desktop\qcs_sage\packaging\dist\QCS\_internal\matplotlib\mpl-data\fonts\afm\phvb8an.afm
   Compressing: C:\Users\LAMB\Desktop\qcs_sage\packaging\dist\QCS\_internal\matplotlib\mpl-data\fonts\afm\phvbo8a.afm
   Compressing: C:\Users\LAMB\Desktop\qcs_sage\packaging\dist\QCS\_internal\matplotlib\mpl-data\fonts\afm\phvbo8an.afm
   Compressing: C:\Users\LAMB\Desktop\qcs_sage\packaging\dist\QCS\_internal\matplotlib\mpl-data\fonts\afm\phvl8a.afm
   Compressing: C:\Users\LAMB\Desktop\qcs_sage\packaging\dist\QCS\_internal\matplotlib\mpl-data\fonts\afm\phvlo8a.afm
   Compressing: C:\Users\LAMB\Desktop\qcs_sage\packaging\dist\QCS\_internal\matplotlib\mpl-data\fonts\afm\phvr8a.afm
   Compressing: C:\Users\LAMB\Desktop\qcs_sage\packaging\dist\QCS\_internal\matplotlib\mpl-data\fonts\afm\phvr8an.afm
   Compressing: C:\Users\LAMB\Desktop\qcs_sage\packaging\dist\QCS\_internal\matplotlib\mpl-data\fonts\afm\phvro8a.afm
   Compressing: C:\Users\LAMB\Desktop\qcs_sage\packaging\dist\QCS\_internal\matplotlib\mpl-data\fonts\afm\phvro8an.afm
   Compressing: C:\Users\LAMB\Desktop\qcs_sage\packaging\dist\QCS\_internal\matplotlib\mpl-data\fonts\afm\pncb8a.afm
   Compressing: C:\Users\LAMB\Desktop\qcs_sage\packaging\dist\QCS\_internal\matplotlib\mpl-data\fonts\afm\pncbi8a.afm
   Compressing: C:\Users\LAMB\Desktop\qcs_sage\packaging\dist\QCS\_internal\matplotlib\mpl-data\fonts\afm\pncr8a.afm
   Compressing: C:\Users\LAMB\Desktop\qcs_sage\packaging\dist\QCS\_internal\matplotlib\mpl-data\fonts\afm\pncri8a.afm
   Compressing: C:\Users\LAMB\Desktop\qcs_sage\packaging\dist\QCS\_internal\matplotlib\mpl-data\fonts\afm\pplb8a.afm
   Compressing: C:\Users\LAMB\Desktop\qcs_sage\packaging\dist\QCS\_internal\matplotlib\mpl-data\fonts\afm\pplbi8a.afm
   Compressing: C:\Users\LAMB\Desktop\qcs_sage\packaging\dist\QCS\_internal\matplotlib\mpl-data\fonts\afm\pplr8a.afm
   Compressing: C:\Users\LAMB\Desktop\qcs_sage\packaging\dist\QCS\_internal\matplotlib\mpl-data\fonts\afm\pplri8a.afm
   Compressing: C:\Users\LAMB\Desktop\qcs_sage\packaging\dist\QCS\_internal\matplotlib\mpl-data\fonts\afm\psyr.afm
   Compressing: C:\Users\LAMB\Desktop\qcs_sage\packaging\dist\QCS\_internal\matplotlib\mpl-data\fonts\afm\ptmb8a.afm
   Compressing: C:\Users\LAMB\Desktop\qcs_sage\packaging\dist\QCS\_internal\matplotlib\mpl-data\fonts\afm\ptmbi8a.afm
   Compressing: C:\Users\LAMB\Desktop\qcs_sage\packaging\dist\QCS\_internal\matplotlib\mpl-data\fonts\afm\ptmr8a.afm
   Compressing: C:\Users\LAMB\Desktop\qcs_sage\packaging\dist\QCS\_internal\matplotlib\mpl-data\fonts\afm\ptmri8a.afm
   Compressing: C:\Users\LAMB\Desktop\qcs_sage\packaging\dist\QCS\_internal\matplotlib\mpl-data\fonts\afm\putb8a.afm
   Compressing: C:\Users\LAMB\Desktop\qcs_sage\packaging\dist\QCS\_internal\matplotlib\mpl-data\fonts\afm\putbi8a.afm
   Compressing: C:\Users\LAMB\Desktop\qcs_sage\packaging\dist\QCS\_internal\matplotlib\mpl-data\fonts\afm\putr8a.afm
   Compressing: C:\Users\LAMB\Desktop\qcs_sage\packaging\dist\QCS\_internal\matplotlib\mpl-data\fonts\afm\putri8a.afm
   Compressing: C:\Users\LAMB\Desktop\qcs_sage\packaging\dist\QCS\_internal\matplotlib\mpl-data\fonts\afm\pzcmi8a.afm
   Compressing: C:\Users\LAMB\Desktop\qcs_sage\packaging\dist\QCS\_internal\matplotlib\mpl-data\fonts\afm\pzdr.afm
   Compressing: C:\Users\LAMB\Desktop\qcs_sage\packaging\dist\QCS\_internal\matplotlib\mpl-data\fonts\pdfcorefonts\Courier-Bold.afm
   Compressing: C:\Users\LAMB\Desktop\qcs_sage\packaging\dist\QCS\_internal\matplotlib\mpl-data\fonts\pdfcorefonts\Courier-BoldOblique.afm
   Compressing: C:\Users\LAMB\Desktop\qcs_sage\packaging\dist\QCS\_internal\matplotlib\mpl-data\fonts\pdfcorefonts\Courier-Oblique.afm
   Compressing: C:\Users\LAMB\Desktop\qcs_sage\packaging\dist\QCS\_internal\matplotlib\mpl-data\fonts\pdfcorefonts\Courier.afm
   Compressing: C:\Users\LAMB\Desktop\qcs_sage\packaging\dist\QCS\_internal\matplotlib\mpl-data\fonts\pdfcorefonts\Helvetica-Bold.afm
   Compressing: C:\Users\LAMB\Desktop\qcs_sage\packaging\dist\QCS\_internal\matplotlib\mpl-data\fonts\pdfcorefonts\Helvetica-BoldOblique.afm
   Compressing: C:\Users\LAMB\Desktop\qcs_sage\packaging\dist\QCS\_internal\matplotlib\mpl-data\fonts\pdfcorefonts\Helvetica-Oblique.afm
   Compressing: C:\Users\LAMB\Desktop\qcs_sage\packaging\dist\QCS\_internal\matplotlib\mpl-data\fonts\pdfcorefonts\Helvetica.afm
   Compressing: C:\Users\LAMB\Desktop\qcs_sage\packaging\dist\QCS\_internal\matplotlib\mpl-data\fonts\pdfcorefonts\readme.txt
   Compressing: C:\Users\LAMB\Desktop\qcs_sage\packaging\dist\QCS\_internal\matplotlib\mpl-data\fonts\pdfcorefonts\Symbol.afm
   Compressing: C:\Users\LAMB\Desktop\qcs_sage\packaging\dist\QCS\_internal\matplotlib\mpl-data\fonts\pdfcorefonts\Times-Bold.afm
   Compressing: C:\Users\LAMB\Desktop\qcs_sage\packaging\dist\QCS\_internal\matplotlib\mpl-data\fonts\pdfcorefonts\Times-BoldItalic.afm
   Compressing: C:\Users\LAMB\Desktop\qcs_sage\packaging\dist\QCS\_internal\matplotlib\mpl-data\fonts\pdfcorefonts\Times-Italic.afm
   Compressing: C:\Users\LAMB\Desktop\qcs_sage\packaging\dist\QCS\_internal\matplotlib\mpl-data\fonts\pdfcorefonts\Times-Roman.afm
   Compressing: C:\Users\LAMB\Desktop\qcs_sage\packaging\dist\QCS\_internal\matplotlib\mpl-data\fonts\pdfcorefonts\ZapfDingbats.afm
   Compressing: C:\Users\LAMB\Desktop\qcs_sage\packaging\dist\QCS\_internal\matplotlib\mpl-data\fonts\ttf\cmb10.ttf
   Compressing: C:\Users\LAMB\Desktop\qcs_sage\packaging\dist\QCS\_internal\matplotlib\mpl-data\fonts\ttf\cmex10.ttf
   Compressing: C:\Users\LAMB\Desktop\qcs_sage\packaging\dist\QCS\_internal\matplotlib\mpl-data\fonts\ttf\cmmi10.ttf
   Compressing: C:\Users\LAMB\Desktop\qcs_sage\packaging\dist\QCS\_internal\matplotlib\mpl-data\fonts\ttf\cmr10.ttf
   Compressing: C:\Users\LAMB\Desktop\qcs_sage\packaging\dist\QCS\_internal\matplotlib\mpl-data\fonts\ttf\cmss10.ttf
   Compressing: C:\Users\LAMB\Desktop\qcs_sage\packaging\dist\QCS\_internal\matplotlib\mpl-data\fonts\ttf\cmsy10.ttf
   Compressing: C:\Users\LAMB\Desktop\qcs_sage\packaging\dist\QCS\_internal\matplotlib\mpl-data\fonts\ttf\cmtt10.ttf
   Compressing: C:\Users\LAMB\Desktop\qcs_sage\packaging\dist\QCS\_internal\matplotlib\mpl-data\fonts\ttf\DejaVuSans-Bold.ttf
   Compressing: C:\Users\LAMB\Desktop\qcs_sage\packaging\dist\QCS\_internal\matplotlib\mpl-data\fonts\ttf\DejaVuSans-BoldOblique.ttf
   Compressing: C:\Users\LAMB\Desktop\qcs_sage\packaging\dist\QCS\_internal\matplotlib\mpl-data\fonts\ttf\DejaVuSans-Oblique.ttf
   Compressing: C:\Users\LAMB\Desktop\qcs_sage\packaging\dist\QCS\_internal\matplotlib\mpl-data\fonts\ttf\DejaVuSans.ttf
   Compressing: C:\Users\LAMB\Desktop\qcs_sage\packaging\dist\QCS\_internal\matplotlib\mpl-data\fonts\ttf\DejaVuSansDisplay.ttf
   Compressing: C:\Users\LAMB\Desktop\qcs_sage\packaging\dist\QCS\_internal\matplotlib\mpl-data\fonts\ttf\DejaVuSansMono-Bold.ttf
   Compressing: C:\Users\LAMB\Desktop\qcs_sage\packaging\dist\QCS\_internal\matplotlib\mpl-data\fonts\ttf\DejaVuSansMono-BoldOblique.ttf
   Compressing: C:\Users\LAMB\Desktop\qcs_sage\packaging\dist\QCS\_internal\matplotlib\mpl-data\fonts\ttf\DejaVuSansMono-Oblique.ttf
   Compressing: C:\Users\LAMB\Desktop\qcs_sage\packaging\dist\QCS\_internal\matplotlib\mpl-data\fonts\ttf\DejaVuSansMono.ttf
   Compressing: C:\Users\LAMB\Desktop\qcs_sage\packaging\dist\QCS\_internal\matplotlib\mpl-data\fonts\ttf\DejaVuSerif-Bold.ttf
   Compressing: C:\Users\LAMB\Desktop\qcs_sage\packaging\dist\QCS\_internal\matplotlib\mpl-data\fonts\ttf\DejaVuSerif-BoldItalic.ttf
   Compressing: C:\Users\LAMB\Desktop\qcs_sage\packaging\dist\QCS\_internal\matplotlib\mpl-data\fonts\ttf\DejaVuSerif-Italic.ttf
   Compressing: C:\Users\LAMB\Desktop\qcs_sage\packaging\dist\QCS\_internal\matplotlib\mpl-data\fonts\ttf\DejaVuSerif.ttf
   Compressing: C:\Users\LAMB\Desktop\qcs_sage\packaging\dist\QCS\_internal\matplotlib\mpl-data\fonts\ttf\DejaVuSerifDisplay.ttf
   Compressing: C:\Users\LAMB\Desktop\qcs_sage\packaging\dist\QCS\_internal\matplotlib\mpl-data\fonts\ttf\LICENSE_DEJAVU
   Compressing: C:\Users\LAMB\Desktop\qcs_sage\packaging\dist\QCS\_internal\matplotlib\mpl-data\fonts\ttf\LICENSE_STIX
   Compressing: C:\Users\LAMB\Desktop\qcs_sage\packaging\dist\QCS\_internal\matplotlib\mpl-data\fonts\ttf\STIXGeneral.ttf
   Compressing: C:\Users\LAMB\Desktop\qcs_sage\packaging\dist\QCS\_internal\matplotlib\mpl-data\fonts\ttf\STIXGeneralBol.ttf
   Compressing: C:\Users\LAMB\Desktop\qcs_sage\packaging\dist\QCS\_internal\matplotlib\mpl-data\fonts\ttf\STIXGeneralBolIta.ttf
   Compressing: C:\Users\LAMB\Desktop\qcs_sage\packaging\dist\QCS\_internal\matplotlib\mpl-data\fonts\ttf\STIXGeneralItalic.ttf
   Compressing: C:\Users\LAMB\Desktop\qcs_sage\packaging\dist\QCS\_internal\matplotlib\mpl-data\fonts\ttf\STIXNonUni.ttf
   Compressing: C:\Users\LAMB\Desktop\qcs_sage\packaging\dist\QCS\_internal\matplotlib\mpl-data\fonts\ttf\STIXNonUniBol.ttf
   Compressing: C:\Users\LAMB\Desktop\qcs_sage\packaging\dist\QCS\_internal\matplotlib\mpl-data\fonts\ttf\STIXNonUniBolIta.ttf
   Compressing: C:\Users\LAMB\Desktop\qcs_sage\packaging\dist\QCS\_internal\matplotlib\mpl-data\fonts\ttf\STIXNonUniIta.ttf
   Compressing: C:\Users\LAMB\Desktop\qcs_sage\packaging\dist\QCS\_internal\matplotlib\mpl-data\fonts\ttf\STIXSizFiveSymReg.ttf
   Compressing: C:\Users\LAMB\Desktop\qcs_sage\packaging\dist\QCS\_internal\matplotlib\mpl-data\fonts\ttf\STIXSizFourSymBol.ttf
   Compressing: C:\Users\LAMB\Desktop\qcs_sage\packaging\dist\QCS\_internal\matplotlib\mpl-data\fonts\ttf\STIXSizFourSymReg.ttf
   Compressing: C:\Users\LAMB\Desktop\qcs_sage\packaging\dist\QCS\_internal\matplotlib\mpl-data\fonts\ttf\STIXSizOneSymBol.ttf
   Compressing: C:\Users\LAMB\Desktop\qcs_sage\packaging\dist\QCS\_internal\matplotlib\mpl-data\fonts\ttf\STIXSizOneSymReg.ttf
   Compressing: C:\Users\LAMB\Desktop\qcs_sage\packaging\dist\QCS\_internal\matplotlib\mpl-data\fonts\ttf\STIXSizThreeSymBol.ttf
   Compressing: C:\Users\LAMB\Desktop\qcs_sage\packaging\dist\QCS\_internal\matplotlib\mpl-data\fonts\ttf\STIXSizThreeSymReg.ttf
   Compressing: C:\Users\LAMB\Desktop\qcs_sage\packaging\dist\QCS\_internal\matplotlib\mpl-data\fonts\ttf\STIXSizTwoSymBol.ttf
   Compressing: C:\Users\LAMB\Desktop\qcs_sage\packaging\dist\QCS\_internal\matplotlib\mpl-data\fonts\ttf\STIXSizTwoSymReg.ttf
   Compressing: C:\Users\LAMB\Desktop\qcs_sage\packaging\dist\QCS\_internal\matplotlib\mpl-data\images\back-symbolic.svg
   Compressing: C:\Users\LAMB\Desktop\qcs_sage\packaging\dist\QCS\_internal\matplotlib\mpl-data\images\back.pdf
   Compressing: C:\Users\LAMB\Desktop\qcs_sage\packaging\dist\QCS\_internal\matplotlib\mpl-data\images\back.png
   Compressing: C:\Users\LAMB\Desktop\qcs_sage\packaging\dist\QCS\_internal\matplotlib\mpl-data\images\back.svg
   Compressing: C:\Users\LAMB\Desktop\qcs_sage\packaging\dist\QCS\_internal\matplotlib\mpl-data\images\back_large.png
   Compressing: C:\Users\LAMB\Desktop\qcs_sage\packaging\dist\QCS\_internal\matplotlib\mpl-data\images\filesave-symbolic.svg
   Compressing: C:\Users\LAMB\Desktop\qcs_sage\packaging\dist\QCS\_internal\matplotlib\mpl-data\images\filesave.pdf
   Compressing: C:\Users\LAMB\Desktop\qcs_sage\packaging\dist\QCS\_internal\matplotlib\mpl-data\images\filesave.png
   Compressing: C:\Users\LAMB\Desktop\qcs_sage\packaging\dist\QCS\_internal\matplotlib\mpl-data\images\filesave.svg
   Compressing: C:\Users\LAMB\Desktop\qcs_sage\packaging\dist\QCS\_internal\matplotlib\mpl-data\images\filesave_large.png
   Compressing: C:\Users\LAMB\Desktop\qcs_sage\packaging\dist\QCS\_internal\matplotlib\mpl-data\images\forward-symbolic.svg
   Compressing: C:\Users\LAMB\Desktop\qcs_sage\packaging\dist\QCS\_internal\matplotlib\mpl-data\images\forward.pdf
   Compressing: C:\Users\LAMB\Desktop\qcs_sage\packaging\dist\QCS\_internal\matplotlib\mpl-data\images\forward.png
   Compressing: C:\Users\LAMB\Desktop\qcs_sage\packaging\dist\QCS\_internal\matplotlib\mpl-data\images\forward.svg
   Compressing: C:\Users\LAMB\Desktop\qcs_sage\packaging\dist\QCS\_internal\matplotlib\mpl-data\images\forward_large.png
   Compressing: C:\Users\LAMB\Desktop\qcs_sage\packaging\dist\QCS\_internal\matplotlib\mpl-data\images\hand.pdf
   Compressing: C:\Users\LAMB\Desktop\qcs_sage\packaging\dist\QCS\_internal\matplotlib\mpl-data\images\hand.png
   Compressing: C:\Users\LAMB\Desktop\qcs_sage\packaging\dist\QCS\_internal\matplotlib\mpl-data\images\hand.svg
   Compressing: C:\Users\LAMB\Desktop\qcs_sage\packaging\dist\QCS\_internal\matplotlib\mpl-data\images\help-symbolic.svg
   Compressing: C:\Users\LAMB\Desktop\qcs_sage\packaging\dist\QCS\_internal\matplotlib\mpl-data\images\help.pdf
   Compressing: C:\Users\LAMB\Desktop\qcs_sage\packaging\dist\QCS\_internal\matplotlib\mpl-data\images\help.png
   Compressing: C:\Users\LAMB\Desktop\qcs_sage\packaging\dist\QCS\_internal\matplotlib\mpl-data\images\help.svg
   Compressing: C:\Users\LAMB\Desktop\qcs_sage\packaging\dist\QCS\_internal\matplotlib\mpl-data\images\help_large.png
   Compressing: C:\Users\LAMB\Desktop\qcs_sage\packaging\dist\QCS\_internal\matplotlib\mpl-data\images\home-symbolic.svg
   Compressing: C:\Users\LAMB\Desktop\qcs_sage\packaging\dist\QCS\_internal\matplotlib\mpl-data\images\home.pdf
   Compressing: C:\Users\LAMB\Desktop\qcs_sage\packaging\dist\QCS\_internal\matplotlib\mpl-data\images\home.png
   Compressing: C:\Users\LAMB\Desktop\qcs_sage\packaging\dist\QCS\_internal\matplotlib\mpl-data\images\home.svg
   Compressing: C:\Users\LAMB\Desktop\qcs_sage\packaging\dist\QCS\_internal\matplotlib\mpl-data\images\home_large.png
   Compressing: C:\Users\LAMB\Desktop\qcs_sage\packaging\dist\QCS\_internal\matplotlib\mpl-data\images\matplotlib.pdf
   Compressing: C:\Users\LAMB\Desktop\qcs_sage\packaging\dist\QCS\_internal\matplotlib\mpl-data\images\matplotlib.png
   Compressing: C:\Users\LAMB\Desktop\qcs_sage\packaging\dist\QCS\_internal\matplotlib\mpl-data\images\matplotlib.svg
   Compressing: C:\Users\LAMB\Desktop\qcs_sage\packaging\dist\QCS\_internal\matplotlib\mpl-data\images\matplotlib_large.png
   Compressing: C:\Users\LAMB\Desktop\qcs_sage\packaging\dist\QCS\_internal\matplotlib\mpl-data\images\move-symbolic.svg
   Compressing: C:\Users\LAMB\Desktop\qcs_sage\packaging\dist\QCS\_internal\matplotlib\mpl-data\images\move.pdf
   Compressing: C:\Users\LAMB\Desktop\qcs_sage\packaging\dist\QCS\_internal\matplotlib\mpl-data\images\move.png
   Compressing: C:\Users\LAMB\Desktop\qcs_sage\packaging\dist\QCS\_internal\matplotlib\mpl-data\images\move.svg
   Compressing: C:\Users\LAMB\Desktop\qcs_sage\packaging\dist\QCS\_internal\matplotlib\mpl-data\images\move_large.png
   Compressing: C:\Users\LAMB\Desktop\qcs_sage\packaging\dist\QCS\_internal\matplotlib\mpl-data\images\qt4_editor_options.pdf
   Compressing: C:\Users\LAMB\Desktop\qcs_sage\packaging\dist\QCS\_internal\matplotlib\mpl-data\images\qt4_editor_options.png
   Compressing: C:\Users\LAMB\Desktop\qcs_sage\packaging\dist\QCS\_internal\matplotlib\mpl-data\images\qt4_editor_options.svg
   Compressing: C:\Users\LAMB\Desktop\qcs_sage\packaging\dist\QCS\_internal\matplotlib\mpl-data\images\qt4_editor_options_large.png
   Compressing: C:\Users\LAMB\Desktop\qcs_sage\packaging\dist\QCS\_internal\matplotlib\mpl-data\images\subplots-symbolic.svg
   Compressing: C:\Users\LAMB\Desktop\qcs_sage\packaging\dist\QCS\_internal\matplotlib\mpl-data\images\subplots.pdf
   Compressing: C:\Users\LAMB\Desktop\qcs_sage\packaging\dist\QCS\_internal\matplotlib\mpl-data\images\subplots.png
   Compressing: C:\Users\LAMB\Desktop\qcs_sage\packaging\dist\QCS\_internal\matplotlib\mpl-data\images\subplots.svg
   Compressing: C:\Users\LAMB\Desktop\qcs_sage\packaging\dist\QCS\_internal\matplotlib\mpl-data\images\subplots_large.png
   Compressing: C:\Users\LAMB\Desktop\qcs_sage\packaging\dist\QCS\_internal\matplotlib\mpl-data\images\zoom_to_rect-symbolic.svg
   Compressing: C:\Users\LAMB\Desktop\qcs_sage\packaging\dist\QCS\_internal\matplotlib\mpl-data\images\zoom_to_rect.pdf
   Compressing: C:\Users\LAMB\Desktop\qcs_sage\packaging\dist\QCS\_internal\matplotlib\mpl-data\images\zoom_to_rect.png
   Compressing: C:\Users\LAMB\Desktop\qcs_sage\packaging\dist\QCS\_internal\matplotlib\mpl-data\images\zoom_to_rect.svg
   Compressing: C:\Users\LAMB\Desktop\qcs_sage\packaging\dist\QCS\_internal\matplotlib\mpl-data\images\zoom_to_rect_large.png
   Compressing: C:\Users\LAMB\Desktop\qcs_sage\packaging\dist\QCS\_internal\matplotlib\mpl-data\plot_directive\plot_directive.css
   Compressing: C:\Users\LAMB\Desktop\qcs_sage\packaging\dist\QCS\_internal\matplotlib\mpl-data\sample_data\data_x_x2_x3.csv
   Compressing: C:\Users\LAMB\Desktop\qcs_sage\packaging\dist\QCS\_internal\matplotlib\mpl-data\sample_data\eeg.dat
   Compressing: C:\Users\LAMB\Desktop\qcs_sage\packaging\dist\QCS\_internal\matplotlib\mpl-data\sample_data\embedding_in_wx3.xrc
   Compressing: C:\Users\LAMB\Desktop\qcs_sage\packaging\dist\QCS\_internal\matplotlib\mpl-data\sample_data\goog.npz
   Compressing: C:\Users\LAMB\Desktop\qcs_sage\packaging\dist\QCS\_internal\matplotlib\mpl-data\sample_data\grace_hopper.jpg
   Compressing: C:\Users\LAMB\Desktop\qcs_sage\packaging\dist\QCS\_internal\matplotlib\mpl-data\sample_data\jacksboro_fault_dem.npz
   Compressing: C:\Users\LAMB\Desktop\qcs_sage\packaging\dist\QCS\_internal\matplotlib\mpl-data\sample_data\logo2.png
   Compressing: C:\Users\LAMB\Desktop\qcs_sage\packaging\dist\QCS\_internal\matplotlib\mpl-data\sample_data\membrane.dat
   Compressing: C:\Users\LAMB\Desktop\qcs_sage\packaging\dist\QCS\_internal\matplotlib\mpl-data\sample_data\Minduka_Present_Blue_Pack.png
   Compressing: C:\Users\LAMB\Desktop\qcs_sage\packaging\dist\QCS\_internal\matplotlib\mpl-data\sample_data\msft.csv
   Compressing: C:\Users\LAMB\Desktop\qcs_sage\packaging\dist\QCS\_internal\matplotlib\mpl-data\sample_data\README.txt
   Compressing: C:\Users\LAMB\Desktop\qcs_sage\packaging\dist\QCS\_internal\matplotlib\mpl-data\sample_data\s1045.ima.gz
   Compressing: C:\Users\LAMB\Desktop\qcs_sage\packaging\dist\QCS\_internal\matplotlib\mpl-data\sample_data\Stocks.csv
   Compressing: C:\Users\LAMB\Desktop\qcs_sage\packaging\dist\QCS\_internal\matplotlib\mpl-data\sample_data\topobathy.npz
   Compressing: C:\Users\LAMB\Desktop\qcs_sage\packaging\dist\QCS\_internal\matplotlib\mpl-data\sample_data\axes_grid\bivariate_normal.npy
   Compressing: C:\Users\LAMB\Desktop\qcs_sage\packaging\dist\QCS\_internal\matplotlib\mpl-data\stylelib\bmh.mplstyle
   Compressing: C:\Users\LAMB\Desktop\qcs_sage\packaging\dist\QCS\_internal\matplotlib\mpl-data\stylelib\classic.mplstyle
   Compressing: C:\Users\LAMB\Desktop\qcs_sage\packaging\dist\QCS\_internal\matplotlib\mpl-data\stylelib\dark_background.mplstyle
   Compressing: C:\Users\LAMB\Desktop\qcs_sage\packaging\dist\QCS\_internal\matplotlib\mpl-data\stylelib\fast.mplstyle
   Compressing: C:\Users\LAMB\Desktop\qcs_sage\packaging\dist\QCS\_internal\matplotlib\mpl-data\stylelib\fivethirtyeight.mplstyle
   Compressing: C:\Users\LAMB\Desktop\qcs_sage\packaging\dist\QCS\_internal\matplotlib\mpl-data\stylelib\ggplot.mplstyle
   Compressing: C:\Users\LAMB\Desktop\qcs_sage\packaging\dist\QCS\_internal\matplotlib\mpl-data\stylelib\grayscale.mplstyle
   Compressing: C:\Users\LAMB\Desktop\qcs_sage\packaging\dist\QCS\_internal\matplotlib\mpl-data\stylelib\petroff10.mplstyle
   Compressing: C:\Users\LAMB\Desktop\qcs_sage\packaging\dist\QCS\_internal\matplotlib\mpl-data\stylelib\seaborn-v0_8-bright.mplstyle
   Compressing: C:\Users\LAMB\Desktop\qcs_sage\packaging\dist\QCS\_internal\matplotlib\mpl-data\stylelib\seaborn-v0_8-colorblind.mplstyle
   Compressing: C:\Users\LAMB\Desktop\qcs_sage\packaging\dist\QCS\_internal\matplotlib\mpl-data\stylelib\seaborn-v0_8-dark-palette.mplstyle
   Compressing: C:\Users\LAMB\Desktop\qcs_sage\packaging\dist\QCS\_internal\matplotlib\mpl-data\stylelib\seaborn-v0_8-dark.mplstyle
   Compressing: C:\Users\LAMB\Desktop\qcs_sage\packaging\dist\QCS\_internal\matplotlib\mpl-data\stylelib\seaborn-v0_8-darkgrid.mplstyle
   Compressing: C:\Users\LAMB\Desktop\qcs_sage\packaging\dist\QCS\_internal\matplotlib\mpl-data\stylelib\seaborn-v0_8-deep.mplstyle
   Compressing: C:\Users\LAMB\Desktop\qcs_sage\packaging\dist\QCS\_internal\matplotlib\mpl-data\stylelib\seaborn-v0_8-muted.mplstyle
   Compressing: C:\Users\LAMB\Desktop\qcs_sage\packaging\dist\QCS\_internal\matplotlib\mpl-data\stylelib\seaborn-v0_8-notebook.mplstyle
   Compressing: C:\Users\LAMB\Desktop\qcs_sage\packaging\dist\QCS\_internal\matplotlib\mpl-data\stylelib\seaborn-v0_8-paper.mplstyle
   Compressing: C:\Users\LAMB\Desktop\qcs_sage\packaging\dist\QCS\_internal\matplotlib\mpl-data\stylelib\seaborn-v0_8-pastel.mplstyle
   Compressing: C:\Users\LAMB\Desktop\qcs_sage\packaging\dist\QCS\_internal\matplotlib\mpl-data\stylelib\seaborn-v0_8-poster.mplstyle
   Compressing: C:\Users\LAMB\Desktop\qcs_sage\packaging\dist\QCS\_internal\matplotlib\mpl-data\stylelib\seaborn-v0_8-talk.mplstyle
   Compressing: C:\Users\LAMB\Desktop\qcs_sage\packaging\dist\QCS\_internal\matplotlib\mpl-data\stylelib\seaborn-v0_8-ticks.mplstyle
   Compressing: C:\Users\LAMB\Desktop\qcs_sage\packaging\dist\QCS\_internal\matplotlib\mpl-data\stylelib\seaborn-v0_8-white.mplstyle
   Compressing: C:\Users\LAMB\Desktop\qcs_sage\packaging\dist\QCS\_internal\matplotlib\mpl-data\stylelib\seaborn-v0_8-whitegrid.mplstyle
   Compressing: C:\Users\LAMB\Desktop\qcs_sage\packaging\dist\QCS\_internal\matplotlib\mpl-data\stylelib\seaborn-v0_8.mplstyle
   Compressing: C:\Users\LAMB\Desktop\qcs_sage\packaging\dist\QCS\_internal\matplotlib\mpl-data\stylelib\Solarize_Light2.mplstyle
   Compressing: C:\Users\LAMB\Desktop\qcs_sage\packaging\dist\QCS\_internal\matplotlib\mpl-data\stylelib\tableau-colorblind10.mplstyle
   Compressing: C:\Users\LAMB\Desktop\qcs_sage\packaging\dist\QCS\_internal\matplotlib\mpl-data\stylelib\_classic_test_patch.mplstyle
   Compressing: C:\Users\LAMB\Desktop\qcs_sage\packaging\dist\QCS\_internal\matplotlib\mpl-data\stylelib\_mpl-gallery-nogrid.mplstyle
   Compressing: C:\Users\LAMB\Desktop\qcs_sage\packaging\dist\QCS\_internal\matplotlib\mpl-data\stylelib\_mpl-gallery.mplstyle
   Compressing: C:\Users\LAMB\Desktop\qcs_sage\packaging\dist\QCS\_internal\numpy\fft\_pocketfft_umath.cp313-win_amd64.pyd
   Compressing: C:\Users\LAMB\Desktop\qcs_sage\packaging\dist\QCS\_internal\numpy\linalg\_umath_linalg.cp313-win_amd64.pyd
   Compressing: C:\Users\LAMB\Desktop\qcs_sage\packaging\dist\QCS\_internal\numpy\random\bit_generator.cp313-win_amd64.pyd
   Compressing: C:\Users\LAMB\Desktop\qcs_sage\packaging\dist\QCS\_internal\numpy\random\mtrand.cp313-win_amd64.pyd
   Compressing: C:\Users\LAMB\Desktop\qcs_sage\packaging\dist\QCS\_internal\numpy\random\_bounded_integers.cp313-win_amd64.pyd
   Compressing: C:\Users\LAMB\Desktop\qcs_sage\packaging\dist\QCS\_internal\numpy\random\_common.cp313-win_amd64.pyd
   Compressing: C:\Users\LAMB\Desktop\qcs_sage\packaging\dist\QCS\_internal\numpy\random\_generator.cp313-win_amd64.pyd
   Compressing: C:\Users\LAMB\Desktop\qcs_sage\packaging\dist\QCS\_internal\numpy\random\_mt19937.cp313-win_amd64.pyd
   Compressing: C:\Users\LAMB\Desktop\qcs_sage\packaging\dist\QCS\_internal\numpy\random\_pcg64.cp313-win_amd64.pyd
   Compressing: C:\Users\LAMB\Desktop\qcs_sage\packaging\dist\QCS\_internal\numpy\random\_philox.cp313-win_amd64.pyd
   Compressing: C:\Users\LAMB\Desktop\qcs_sage\packaging\dist\QCS\_internal\numpy\random\_sfc64.cp313-win_amd64.pyd
   Compressing: C:\Users\LAMB\Desktop\qcs_sage\packaging\dist\QCS\_internal\numpy\_core\_multiarray_tests.cp313-win_amd64.pyd
   Compressing: C:\Users\LAMB\Desktop\qcs_sage\packaging\dist\QCS\_internal\numpy\_core\_multiarray_umath.cp313-win_amd64.pyd
   Compressing: C:\Users\LAMB\Desktop\qcs_sage\packaging\dist\QCS\_internal\numpy.libs\libscipy_openblas64_-c16e4918366c6bc1f1cd71e28ca36fc0.dll
   Compressing: C:\Users\LAMB\Desktop\qcs_sage\packaging\dist\QCS\_internal\numpy.libs\msvcp140-d64049c6e3865410a7dda6a7e9f0c575.dll
   Compressing: C:\Users\LAMB\Desktop\qcs_sage\packaging\dist\QCS\_internal\pandas\io\formats\templates\html.tpl
   Compressing: C:\Users\LAMB\Desktop\qcs_sage\packaging\dist\QCS\_internal\pandas\io\formats\templates\html_style.tpl
   Compressing: C:\Users\LAMB\Desktop\qcs_sage\packaging\dist\QCS\_internal\pandas\io\formats\templates\html_table.tpl
   Compressing: C:\Users\LAMB\Desktop\qcs_sage\packaging\dist\QCS\_internal\pandas\io\formats\templates\latex.tpl
   Compressing: C:\Users\LAMB\Desktop\qcs_sage\packaging\dist\QCS\_internal\pandas\io\formats\templates\latex_longtable.tpl
   Compressing: C:\Users\LAMB\Desktop\qcs_sage\packaging\dist\QCS\_internal\pandas\io\formats\templates\latex_table.tpl
   Compressing: C:\Users\LAMB\Desktop\qcs_sage\packaging\dist\QCS\_internal\pandas\io\formats\templates\string.tpl
   Compressing: C:\Users\LAMB\Desktop\qcs_sage\packaging\dist\QCS\_internal\pandas\_libs\algos.cp313-win_amd64.pyd
   Compressing: C:\Users\LAMB\Desktop\qcs_sage\packaging\dist\QCS\_internal\pandas\_libs\arrays.cp313-win_amd64.pyd
   Compressing: C:\Users\LAMB\Desktop\qcs_sage\packaging\dist\QCS\_internal\pandas\_libs\byteswap.cp313-win_amd64.pyd
   Compressing: C:\Users\LAMB\Desktop\qcs_sage\packaging\dist\QCS\_internal\pandas\_libs\groupby.cp313-win_amd64.pyd
   Compressing: C:\Users\LAMB\Desktop\qcs_sage\packaging\dist\QCS\_internal\pandas\_libs\hashing.cp313-win_amd64.pyd
   Compressing: C:\Users\LAMB\Desktop\qcs_sage\packaging\dist\QCS\_internal\pandas\_libs\hashtable.cp313-win_amd64.pyd
   Compressing: C:\Users\LAMB\Desktop\qcs_sage\packaging\dist\QCS\_internal\pandas\_libs\index.cp313-win_amd64.pyd
   Compressing: C:\Users\LAMB\Desktop\qcs_sage\packaging\dist\QCS\_internal\pandas\_libs\indexing.cp313-win_amd64.pyd
   Compressing: C:\Users\LAMB\Desktop\qcs_sage\packaging\dist\QCS\_internal\pandas\_libs\internals.cp313-win_amd64.pyd
   Compressing: C:\Users\LAMB\Desktop\qcs_sage\packaging\dist\QCS\_internal\pandas\_libs\interval.cp313-win_amd64.pyd
   Compressing: C:\Users\LAMB\Desktop\qcs_sage\packaging\dist\QCS\_internal\pandas\_libs\join.cp313-win_amd64.pyd
   Compressing: C:\Users\LAMB\Desktop\qcs_sage\packaging\dist\QCS\_internal\pandas\_libs\json.cp313-win_amd64.pyd
   Compressing: C:\Users\LAMB\Desktop\qcs_sage\packaging\dist\QCS\_internal\pandas\_libs\lib.cp313-win_amd64.pyd
   Compressing: C:\Users\LAMB\Desktop\qcs_sage\packaging\dist\QCS\_internal\pandas\_libs\missing.cp313-win_amd64.pyd
   Compressing: C:\Users\LAMB\Desktop\qcs_sage\packaging\dist\QCS\_internal\pandas\_libs\ops.cp313-win_amd64.pyd
   Compressing: C:\Users\LAMB\Desktop\qcs_sage\packaging\dist\QCS\_internal\pandas\_libs\ops_dispatch.cp313-win_amd64.pyd
   Compressing: C:\Users\LAMB\Desktop\qcs_sage\packaging\dist\QCS\_internal\pandas\_libs\pandas_datetime.cp313-win_amd64.pyd
   Compressing: C:\Users\LAMB\Desktop\qcs_sage\packaging\dist\QCS\_internal\pandas\_libs\pandas_parser.cp313-win_amd64.pyd
   Compressing: C:\Users\LAMB\Desktop\qcs_sage\packaging\dist\QCS\_internal\pandas\_libs\parsers.cp313-win_amd64.pyd
   Compressing: C:\Users\LAMB\Desktop\qcs_sage\packaging\dist\QCS\_internal\pandas\_libs\properties.cp313-win_amd64.pyd
   Compressing: C:\Users\LAMB\Desktop\qcs_sage\packaging\dist\QCS\_internal\pandas\_libs\reshape.cp313-win_amd64.pyd
   Compressing: C:\Users\LAMB\Desktop\qcs_sage\packaging\dist\QCS\_internal\pandas\_libs\sas.cp313-win_amd64.pyd
   Compressing: C:\Users\LAMB\Desktop\qcs_sage\packaging\dist\QCS\_internal\pandas\_libs\sparse.cp313-win_amd64.pyd
   Compressing: C:\Users\LAMB\Desktop\qcs_sage\packaging\dist\QCS\_internal\pandas\_libs\testing.cp313-win_amd64.pyd
   Compressing: C:\Users\LAMB\Desktop\qcs_sage\packaging\dist\QCS\_internal\pandas\_libs\tslib.cp313-win_amd64.pyd
   Compressing: C:\Users\LAMB\Desktop\qcs_sage\packaging\dist\QCS\_internal\pandas\_libs\writers.cp313-win_amd64.pyd
   Compressing: C:\Users\LAMB\Desktop\qcs_sage\packaging\dist\QCS\_internal\pandas\_libs\tslibs\base.cp313-win_amd64.pyd
   Compressing: C:\Users\LAMB\Desktop\qcs_sage\packaging\dist\QCS\_internal\pandas\_libs\tslibs\ccalendar.cp313-win_amd64.pyd
   Compressing: C:\Users\LAMB\Desktop\qcs_sage\packaging\dist\QCS\_internal\pandas\_libs\tslibs\conversion.cp313-win_amd64.pyd
   Compressing: C:\Users\LAMB\Desktop\qcs_sage\packaging\dist\QCS\_internal\pandas\_libs\tslibs\dtypes.cp313-win_amd64.pyd
   Compressing: C:\Users\LAMB\Desktop\qcs_sage\packaging\dist\QCS\_internal\pandas\_libs\tslibs\fields.cp313-win_amd64.pyd
   Compressing: C:\Users\LAMB\Desktop\qcs_sage\packaging\dist\QCS\_internal\pandas\_libs\tslibs\nattype.cp313-win_amd64.pyd
   Compressing: C:\Users\LAMB\Desktop\qcs_sage\packaging\dist\QCS\_internal\pandas\_libs\tslibs\np_datetime.cp313-win_amd64.pyd
   Compressing: C:\Users\LAMB\Desktop\qcs_sage\packaging\dist\QCS\_internal\pandas\_libs\tslibs\offsets.cp313-win_amd64.pyd
   Compressing: C:\Users\LAMB\Desktop\qcs_sage\packaging\dist\QCS\_internal\pandas\_libs\tslibs\parsing.cp313-win_amd64.pyd
   Compressing: C:\Users\LAMB\Desktop\qcs_sage\packaging\dist\QCS\_internal\pandas\_libs\tslibs\period.cp313-win_amd64.pyd
   Compressing: C:\Users\LAMB\Desktop\qcs_sage\packaging\dist\QCS\_internal\pandas\_libs\tslibs\strptime.cp313-win_amd64.pyd
   Compressing: C:\Users\LAMB\Desktop\qcs_sage\packaging\dist\QCS\_internal\pandas\_libs\tslibs\timedeltas.cp313-win_amd64.pyd
   Compressing: C:\Users\LAMB\Desktop\qcs_sage\packaging\dist\QCS\_internal\pandas\_libs\tslibs\timestamps.cp313-win_amd64.pyd
   Compressing: C:\Users\LAMB\Desktop\qcs_sage\packaging\dist\QCS\_internal\pandas\_libs\tslibs\timezones.cp313-win_amd64.pyd
   Compressing: C:\Users\LAMB\Desktop\qcs_sage\packaging\dist\QCS\_internal\pandas\_libs\tslibs\tzconversion.cp313-win_amd64.pyd
   Compressing: C:\Users\LAMB\Desktop\qcs_sage\packaging\dist\QCS\_internal\pandas\_libs\tslibs\vectorized.cp313-win_amd64.pyd
   Compressing: C:\Users\LAMB\Desktop\qcs_sage\packaging\dist\QCS\_internal\pandas\_libs\window\aggregations.cp313-win_amd64.pyd
   Compressing: C:\Users\LAMB\Desktop\qcs_sage\packaging\dist\QCS\_internal\pandas\_libs\window\indexers.cp313-win_amd64.pyd
   Compressing: C:\Users\LAMB\Desktop\qcs_sage\packaging\dist\QCS\_internal\pandas.libs\msvcp140-0f2ea95580b32bcfc81c235d5751ce78.dll
   Compressing: C:\Users\LAMB\Desktop\qcs_sage\packaging\dist\QCS\_internal\PIL\_avif.cp313-win_amd64.pyd
   Compressing: C:\Users\LAMB\Desktop\qcs_sage\packaging\dist\QCS\_internal\PIL\_imaging.cp313-win_amd64.pyd
   Compressing: C:\Users\LAMB\Desktop\qcs_sage\packaging\dist\QCS\_internal\PIL\_imagingcms.cp313-win_amd64.pyd
   Compressing: C:\Users\LAMB\Desktop\qcs_sage\packaging\dist\QCS\_internal\PIL\_imagingmath.cp313-win_amd64.pyd
   Compressing: C:\Users\LAMB\Desktop\qcs_sage\packaging\dist\QCS\_internal\PIL\_imagingtk.cp313-win_amd64.pyd
   Compressing: C:\Users\LAMB\Desktop\qcs_sage\packaging\dist\QCS\_internal\PIL\_webp.cp313-win_amd64.pyd
   Compressing: C:\Users\LAMB\Desktop\qcs_sage\packaging\dist\QCS\_internal\PySide6\MSVCP140.dll
   Compressing: C:\Users\LAMB\Desktop\qcs_sage\packaging\dist\QCS\_internal\PySide6\MSVCP140_1.dll
   Compressing: C:\Users\LAMB\Desktop\qcs_sage\packaging\dist\QCS\_internal\PySide6\MSVCP140_2.dll
   Compressing: C:\Users\LAMB\Desktop\qcs_sage\packaging\dist\QCS\_internal\PySide6\opengl32sw.dll
   Compressing: C:\Users\LAMB\Desktop\qcs_sage\packaging\dist\QCS\_internal\PySide6\pyside6.abi3.dll
   Compressing: C:\Users\LAMB\Desktop\qcs_sage\packaging\dist\QCS\_internal\PySide6\Qt6Core.dll
   Compressing: C:\Users\LAMB\Desktop\qcs_sage\packaging\dist\QCS\_internal\PySide6\Qt6Gui.dll
   Compressing: C:\Users\LAMB\Desktop\qcs_sage\packaging\dist\QCS\_internal\PySide6\Qt6Network.dll
   Compressing: C:\Users\LAMB\Desktop\qcs_sage\packaging\dist\QCS\_internal\PySide6\Qt6OpenGL.dll
   Compressing: C:\Users\LAMB\Desktop\qcs_sage\packaging\dist\QCS\_internal\PySide6\Qt6Pdf.dll
   Compressing: C:\Users\LAMB\Desktop\qcs_sage\packaging\dist\QCS\_internal\PySide6\Qt6Qml.dll
   Compressing: C:\Users\LAMB\Desktop\qcs_sage\packaging\dist\QCS\_internal\PySide6\Qt6QmlMeta.dll
   Compressing: C:\Users\LAMB\Desktop\qcs_sage\packaging\dist\QCS\_internal\PySide6\Qt6QmlModels.dll
   Compressing: C:\Users\LAMB\Desktop\qcs_sage\packaging\dist\QCS\_internal\PySide6\Qt6QmlWorkerScript.dll
   Compressing: C:\Users\LAMB\Desktop\qcs_sage\packaging\dist\QCS\_internal\PySide6\Qt6Quick.dll
   Compressing: C:\Users\LAMB\Desktop\qcs_sage\packaging\dist\QCS\_internal\PySide6\Qt6Svg.dll
   Compressing: C:\Users\LAMB\Desktop\qcs_sage\packaging\dist\QCS\_internal\PySide6\Qt6VirtualKeyboard.dll
   Compressing: C:\Users\LAMB\Desktop\qcs_sage\packaging\dist\QCS\_internal\PySide6\Qt6Widgets.dll
   Compressing: C:\Users\LAMB\Desktop\qcs_sage\packaging\dist\QCS\_internal\PySide6\QtCore.pyd
   Compressing: C:\Users\LAMB\Desktop\qcs_sage\packaging\dist\QCS\_internal\PySide6\QtGui.pyd
   Compressing: C:\Users\LAMB\Desktop\qcs_sage\packaging\dist\QCS\_internal\PySide6\QtNetwork.pyd
   Compressing: C:\Users\LAMB\Desktop\qcs_sage\packaging\dist\QCS\_internal\PySide6\QtSvg.pyd
   Compressing: C:\Users\LAMB\Desktop\qcs_sage\packaging\dist\QCS\_internal\PySide6\QtWidgets.pyd
   Compressing: C:\Users\LAMB\Desktop\qcs_sage\packaging\dist\QCS\_internal\PySide6\VCRUNTIME140.dll
   Compressing: C:\Users\LAMB\Desktop\qcs_sage\packaging\dist\QCS\_internal\PySide6\VCRUNTIME140_1.dll
   Compressing: C:\Users\LAMB\Desktop\qcs_sage\packaging\dist\QCS\_internal\PySide6\plugins\generic\qtuiotouchplugin.dll
   Compressing: C:\Users\LAMB\Desktop\qcs_sage\packaging\dist\QCS\_internal\PySide6\plugins\iconengines\qsvgicon.dll
   Compressing: C:\Users\LAMB\Desktop\qcs_sage\packaging\dist\QCS\_internal\PySide6\plugins\imageformats\qgif.dll
   Compressing: C:\Users\LAMB\Desktop\qcs_sage\packaging\dist\QCS\_internal\PySide6\plugins\imageformats\qicns.dll
   Compressing: C:\Users\LAMB\Desktop\qcs_sage\packaging\dist\QCS\_internal\PySide6\plugins\imageformats\qico.dll
   Compressing: C:\Users\LAMB\Desktop\qcs_sage\packaging\dist\QCS\_internal\PySide6\plugins\imageformats\qjpeg.dll
   Compressing: C:\Users\LAMB\Desktop\qcs_sage\packaging\dist\QCS\_internal\PySide6\plugins\imageformats\qpdf.dll
   Compressing: C:\Users\LAMB\Desktop\qcs_sage\packaging\dist\QCS\_internal\PySide6\plugins\imageformats\qsvg.dll
   Compressing: C:\Users\LAMB\Desktop\qcs_sage\packaging\dist\QCS\_internal\PySide6\plugins\imageformats\qtga.dll
   Compressing: C:\Users\LAMB\Desktop\qcs_sage\packaging\dist\QCS\_internal\PySide6\plugins\imageformats\qtiff.dll
   Compressing: C:\Users\LAMB\Desktop\qcs_sage\packaging\dist\QCS\_internal\PySide6\plugins\imageformats\qwbmp.dll
   Compressing: C:\Users\LAMB\Desktop\qcs_sage\packaging\dist\QCS\_internal\PySide6\plugins\imageformats\qwebp.dll
   Compressing: C:\Users\LAMB\Desktop\qcs_sage\packaging\dist\QCS\_internal\PySide6\plugins\networkinformation\qnetworklistmanager.dll
   Compressing: C:\Users\LAMB\Desktop\qcs_sage\packaging\dist\QCS\_internal\PySide6\plugins\platforminputcontexts\qtvirtualkeyboardplugin.dll
   Compressing: C:\Users\LAMB\Desktop\qcs_sage\packaging\dist\QCS\_internal\PySide6\plugins\platforms\qdirect2d.dll
   Compressing: C:\Users\LAMB\Desktop\qcs_sage\packaging\dist\QCS\_internal\PySide6\plugins\platforms\qminimal.dll
   Compressing: C:\Users\LAMB\Desktop\qcs_sage\packaging\dist\QCS\_internal\PySide6\plugins\platforms\qoffscreen.dll
   Compressing: C:\Users\LAMB\Desktop\qcs_sage\packaging\dist\QCS\_internal\PySide6\plugins\platforms\qwindows.dll
   Compressing: C:\Users\LAMB\Desktop\qcs_sage\packaging\dist\QCS\_internal\PySide6\plugins\styles\qmodernwindowsstyle.dll
   Compressing: C:\Users\LAMB\Desktop\qcs_sage\packaging\dist\QCS\_internal\PySide6\plugins\tls\qcertonlybackend.dll
   Compressing: C:\Users\LAMB\Desktop\qcs_sage\packaging\dist\QCS\_internal\PySide6\plugins\tls\qopensslbackend.dll
   Compressing: C:\Users\LAMB\Desktop\qcs_sage\packaging\dist\QCS\_internal\PySide6\plugins\tls\qschannelbackend.dll
   Compressing: C:\Users\LAMB\Desktop\qcs_sage\packaging\dist\QCS\_internal\PySide6\translations\qtbase_ar.qm
   Compressing: C:\Users\LAMB\Desktop\qcs_sage\packaging\dist\QCS\_internal\PySide6\translations\qtbase_bg.qm
   Compressing: C:\Users\LAMB\Desktop\qcs_sage\packaging\dist\QCS\_internal\PySide6\translations\qtbase_ca.qm
   Compressing: C:\Users\LAMB\Desktop\qcs_sage\packaging\dist\QCS\_internal\PySide6\translations\qtbase_cs.qm
   Compressing: C:\Users\LAMB\Desktop\qcs_sage\packaging\dist\QCS\_internal\PySide6\translations\qtbase_da.qm
   Compressing: C:\Users\LAMB\Desktop\qcs_sage\packaging\dist\QCS\_internal\PySide6\translations\qtbase_de.qm
   Compressing: C:\Users\LAMB\Desktop\qcs_sage\packaging\dist\QCS\_internal\PySide6\translations\qtbase_en.qm
   Compressing: C:\Users\LAMB\Desktop\qcs_sage\packaging\dist\QCS\_internal\PySide6\translations\qtbase_es.qm
   Compressing: C:\Users\LAMB\Desktop\qcs_sage\packaging\dist\QCS\_internal\PySide6\translations\qtbase_fa.qm
   Compressing: C:\Users\LAMB\Desktop\qcs_sage\packaging\dist\QCS\_internal\PySide6\translations\qtbase_fi.qm
   Compressing: C:\Users\LAMB\Desktop\qcs_sage\packaging\dist\QCS\_internal\PySide6\translations\qtbase_fr.qm
   Compressing: C:\Users\LAMB\Desktop\qcs_sage\packaging\dist\QCS\_internal\PySide6\translations\qtbase_gd.qm
   Compressing: C:\Users\LAMB\Desktop\qcs_sage\packaging\dist\QCS\_internal\PySide6\translations\qtbase_he.qm
   Compressing: C:\Users\LAMB\Desktop\qcs_sage\packaging\dist\QCS\_internal\PySide6\translations\qtbase_hr.qm
   Compressing: C:\Users\LAMB\Desktop\qcs_sage\packaging\dist\QCS\_internal\PySide6\translations\qtbase_hu.qm
   Compressing: C:\Users\LAMB\Desktop\qcs_sage\packaging\dist\QCS\_internal\PySide6\translations\qtbase_it.qm
   Compressing: C:\Users\LAMB\Desktop\qcs_sage\packaging\dist\QCS\_internal\PySide6\translations\qtbase_ja.qm
   Compressing: C:\Users\LAMB\Desktop\qcs_sage\packaging\dist\QCS\_internal\PySide6\translations\qtbase_ka.qm
   Compressing: C:\Users\LAMB\Desktop\qcs_sage\packaging\dist\QCS\_internal\PySide6\translations\qtbase_ko.qm
   Compressing: C:\Users\LAMB\Desktop\qcs_sage\packaging\dist\QCS\_internal\PySide6\translations\qtbase_lg.qm
   Compressing: C:\Users\LAMB\Desktop\qcs_sage\packaging\dist\QCS\_internal\PySide6\translations\qtbase_lv.qm
   Compressing: C:\Users\LAMB\Desktop\qcs_sage\packaging\dist\QCS\_internal\PySide6\translations\qtbase_nl.qm
   Compressing: C:\Users\LAMB\Desktop\qcs_sage\packaging\dist\QCS\_internal\PySide6\translations\qtbase_nn.qm
   Compressing: C:\Users\LAMB\Desktop\qcs_sage\packaging\dist\QCS\_internal\PySide6\translations\qtbase_pl.qm
   Compressing: C:\Users\LAMB\Desktop\qcs_sage\packaging\dist\QCS\_internal\PySide6\translations\qtbase_pt_BR.qm
   Compressing: C:\Users\LAMB\Desktop\qcs_sage\packaging\dist\QCS\_internal\PySide6\translations\qtbase_ru.qm
   Compressing: C:\Users\LAMB\Desktop\qcs_sage\packaging\dist\QCS\_internal\PySide6\translations\qtbase_sk.qm
   Compressing: C:\Users\LAMB\Desktop\qcs_sage\packaging\dist\QCS\_internal\PySide6\translations\qtbase_tr.qm
   Compressing: C:\Users\LAMB\Desktop\qcs_sage\packaging\dist\QCS\_internal\PySide6\translations\qtbase_uk.qm
   Compressing: C:\Users\LAMB\Desktop\qcs_sage\packaging\dist\QCS\_internal\PySide6\translations\qtbase_zh_CN.qm
   Compressing: C:\Users\LAMB\Desktop\qcs_sage\packaging\dist\QCS\_internal\PySide6\translations\qtbase_zh_TW.qm
   Compressing: C:\Users\LAMB\Desktop\qcs_sage\packaging\dist\QCS\_internal\PySide6\translations\qt_ar.qm
   Compressing: C:\Users\LAMB\Desktop\qcs_sage\packaging\dist\QCS\_internal\PySide6\translations\qt_bg.qm
   Compressing: C:\Users\LAMB\Desktop\qcs_sage\packaging\dist\QCS\_internal\PySide6\translations\qt_ca.qm
   Compressing: C:\Users\LAMB\Desktop\qcs_sage\packaging\dist\QCS\_internal\PySide6\translations\qt_cs.qm
   Compressing: C:\Users\LAMB\Desktop\qcs_sage\packaging\dist\QCS\_internal\PySide6\translations\qt_da.qm
   Compressing: C:\Users\LAMB\Desktop\qcs_sage\packaging\dist\QCS\_internal\PySide6\translations\qt_de.qm
   Compressing: C:\Users\LAMB\Desktop\qcs_sage\packaging\dist\QCS\_internal\PySide6\translations\qt_en.qm
   Compressing: C:\Users\LAMB\Desktop\qcs_sage\packaging\dist\QCS\_internal\PySide6\translations\qt_es.qm
   Compressing: C:\Users\LAMB\Desktop\qcs_sage\packaging\dist\QCS\_internal\PySide6\translations\qt_fa.qm
   Compressing: C:\Users\LAMB\Desktop\qcs_sage\packaging\dist\QCS\_internal\PySide6\translations\qt_fi.qm
   Compressing: C:\Users\LAMB\Desktop\qcs_sage\packaging\dist\QCS\_internal\PySide6\translations\qt_fr.qm
   Compressing: C:\Users\LAMB\Desktop\qcs_sage\packaging\dist\QCS\_internal\PySide6\translations\qt_gd.qm
   Compressing: C:\Users\LAMB\Desktop\qcs_sage\packaging\dist\QCS\_internal\PySide6\translations\qt_gl.qm
   Compressing: C:\Users\LAMB\Desktop\qcs_sage\packaging\dist\QCS\_internal\PySide6\translations\qt_he.qm
   Compressing: C:\Users\LAMB\Desktop\qcs_sage\packaging\dist\QCS\_internal\PySide6\translations\qt_help_ar.qm
   Compressing: C:\Users\LAMB\Desktop\qcs_sage\packaging\dist\QCS\_internal\PySide6\translations\qt_help_bg.qm
   Compressing: C:\Users\LAMB\Desktop\qcs_sage\packaging\dist\QCS\_internal\PySide6\translations\qt_help_ca.qm
   Compressing: C:\Users\LAMB\Desktop\qcs_sage\packaging\dist\QCS\_internal\PySide6\translations\qt_help_cs.qm
   Compressing: C:\Users\LAMB\Desktop\qcs_sage\packaging\dist\QCS\_internal\PySide6\translations\qt_help_da.qm
   Compressing: C:\Users\LAMB\Desktop\qcs_sage\packaging\dist\QCS\_internal\PySide6\translations\qt_help_de.qm
   Compressing: C:\Users\LAMB\Desktop\qcs_sage\packaging\dist\QCS\_internal\PySide6\translations\qt_help_en.qm
   Compressing: C:\Users\LAMB\Desktop\qcs_sage\packaging\dist\QCS\_internal\PySide6\translations\qt_help_es.qm
   Compressing: C:\Users\LAMB\Desktop\qcs_sage\packaging\dist\QCS\_internal\PySide6\translations\qt_help_fr.qm
   Compressing: C:\Users\LAMB\Desktop\qcs_sage\packaging\dist\QCS\_internal\PySide6\translations\qt_help_gl.qm
   Compressing: C:\Users\LAMB\Desktop\qcs_sage\packaging\dist\QCS\_internal\PySide6\translations\qt_help_hr.qm
   Compressing: C:\Users\LAMB\Desktop\qcs_sage\packaging\dist\QCS\_internal\PySide6\translations\qt_help_hu.qm
   Compressing: C:\Users\LAMB\Desktop\qcs_sage\packaging\dist\QCS\_internal\PySide6\translations\qt_help_it.qm
   Compressing: C:\Users\LAMB\Desktop\qcs_sage\packaging\dist\QCS\_internal\PySide6\translations\qt_help_ja.qm
   Compressing: C:\Users\LAMB\Desktop\qcs_sage\packaging\dist\QCS\_internal\PySide6\translations\qt_help_ka.qm
   Compressing: C:\Users\LAMB\Desktop\qcs_sage\packaging\dist\QCS\_internal\PySide6\translations\qt_help_ko.qm
   Compressing: C:\Users\LAMB\Desktop\qcs_sage\packaging\dist\QCS\_internal\PySide6\translations\qt_help_nl.qm
   Compressing: C:\Users\LAMB\Desktop\qcs_sage\packaging\dist\QCS\_internal\PySide6\translations\qt_help_nn.qm
   Compressing: C:\Users\LAMB\Desktop\qcs_sage\packaging\dist\QCS\_internal\PySide6\translations\qt_help_pl.qm
   Compressing: C:\Users\LAMB\Desktop\qcs_sage\packaging\dist\QCS\_internal\PySide6\translations\qt_help_pt_BR.qm
   Compressing: C:\Users\LAMB\Desktop\qcs_sage\packaging\dist\QCS\_internal\PySide6\translations\qt_help_ru.qm
   Compressing: C:\Users\LAMB\Desktop\qcs_sage\packaging\dist\QCS\_internal\PySide6\translations\qt_help_sk.qm
   Compressing: C:\Users\LAMB\Desktop\qcs_sage\packaging\dist\QCS\_internal\PySide6\translations\qt_help_sl.qm
   Compressing: C:\Users\LAMB\Desktop\qcs_sage\packaging\dist\QCS\_internal\PySide6\translations\qt_help_tr.qm
   Compressing: C:\Users\LAMB\Desktop\qcs_sage\packaging\dist\QCS\_internal\PySide6\translations\qt_help_uk.qm
   Compressing: C:\Users\LAMB\Desktop\qcs_sage\packaging\dist\QCS\_internal\PySide6\translations\qt_help_zh_CN.qm
   Compressing: C:\Users\LAMB\Desktop\qcs_sage\packaging\dist\QCS\_internal\PySide6\translations\qt_help_zh_TW.qm
   Compressing: C:\Users\LAMB\Desktop\qcs_sage\packaging\dist\QCS\_internal\PySide6\translations\qt_hr.qm
   Compressing: C:\Users\LAMB\Desktop\qcs_sage\packaging\dist\QCS\_internal\PySide6\translations\qt_hu.qm
   Compressing: C:\Users\LAMB\Desktop\qcs_sage\packaging\dist\QCS\_internal\PySide6\translations\qt_it.qm
   Compressing: C:\Users\LAMB\Desktop\qcs_sage\packaging\dist\QCS\_internal\PySide6\translations\qt_ja.qm
   Compressing: C:\Users\LAMB\Desktop\qcs_sage\packaging\dist\QCS\_internal\PySide6\translations\qt_ka.qm
   Compressing: C:\Users\LAMB\Desktop\qcs_sage\packaging\dist\QCS\_internal\PySide6\translations\qt_ko.qm
   Compressing: C:\Users\LAMB\Desktop\qcs_sage\packaging\dist\QCS\_internal\PySide6\translations\qt_lg.qm
   Compressing: C:\Users\LAMB\Desktop\qcs_sage\packaging\dist\QCS\_internal\PySide6\translations\qt_lt.qm
   Compressing: C:\Users\LAMB\Desktop\qcs_sage\packaging\dist\QCS\_internal\PySide6\translations\qt_lv.qm
   Compressing: C:\Users\LAMB\Desktop\qcs_sage\packaging\dist\QCS\_internal\PySide6\translations\qt_nl.qm
   Compressing: C:\Users\LAMB\Desktop\qcs_sage\packaging\dist\QCS\_internal\PySide6\translations\qt_nn.qm
   Compressing: C:\Users\LAMB\Desktop\qcs_sage\packaging\dist\QCS\_internal\PySide6\translations\qt_pl.qm
   Compressing: C:\Users\LAMB\Desktop\qcs_sage\packaging\dist\QCS\_internal\PySide6\translations\qt_pt_BR.qm
   Compressing: C:\Users\LAMB\Desktop\qcs_sage\packaging\dist\QCS\_internal\PySide6\translations\qt_pt_PT.qm
   Compressing: C:\Users\LAMB\Desktop\qcs_sage\packaging\dist\QCS\_internal\PySide6\translations\qt_ru.qm
   Compressing: C:\Users\LAMB\Desktop\qcs_sage\packaging\dist\QCS\_internal\PySide6\translations\qt_sk.qm
   Compressing: C:\Users\LAMB\Desktop\qcs_sage\packaging\dist\QCS\_internal\PySide6\translations\qt_sl.qm
   Compressing: C:\Users\LAMB\Desktop\qcs_sage\packaging\dist\QCS\_internal\PySide6\translations\qt_sv.qm
   Compressing: C:\Users\LAMB\Desktop\qcs_sage\packaging\dist\QCS\_internal\PySide6\translations\qt_tr.qm
   Compressing: C:\Users\LAMB\Desktop\qcs_sage\packaging\dist\QCS\_internal\PySide6\translations\qt_uk.qm
   Compressing: C:\Users\LAMB\Desktop\qcs_sage\packaging\dist\QCS\_internal\PySide6\translations\qt_zh_CN.qm
   Compressing: C:\Users\LAMB\Desktop\qcs_sage\packaging\dist\QCS\_internal\PySide6\translations\qt_zh_TW.qm
   Compressing: C:\Users\LAMB\Desktop\qcs_sage\packaging\dist\QCS\_internal\pytz\zoneinfo\CET
   Compressing: C:\Users\LAMB\Desktop\qcs_sage\packaging\dist\QCS\_internal\pytz\zoneinfo\CST6CDT
   Compressing: C:\Users\LAMB\Desktop\qcs_sage\packaging\dist\QCS\_internal\pytz\zoneinfo\Cuba
   Compressing: C:\Users\LAMB\Desktop\qcs_sage\packaging\dist\QCS\_internal\pytz\zoneinfo\EET
   Compressing: C:\Users\LAMB\Desktop\qcs_sage\packaging\dist\QCS\_internal\pytz\zoneinfo\Egypt
   Compressing: C:\Users\LAMB\Desktop\qcs_sage\packaging\dist\QCS\_internal\pytz\zoneinfo\Eire
   Compressing: C:\Users\LAMB\Desktop\qcs_sage\packaging\dist\QCS\_internal\pytz\zoneinfo\EST
   Compressing: C:\Users\LAMB\Desktop\qcs_sage\packaging\dist\QCS\_internal\pytz\zoneinfo\EST5EDT
   Compressing: C:\Users\LAMB\Desktop\qcs_sage\packaging\dist\QCS\_internal\pytz\zoneinfo\Factory
   Compressing: C:\Users\LAMB\Desktop\qcs_sage\packaging\dist\QCS\_internal\pytz\zoneinfo\GB
   Compressing: C:\Users\LAMB\Desktop\qcs_sage\packaging\dist\QCS\_internal\pytz\zoneinfo\GB-Eire
   Compressing: C:\Users\LAMB\Desktop\qcs_sage\packaging\dist\QCS\_internal\pytz\zoneinfo\GMT
   Compressing: C:\Users\LAMB\Desktop\qcs_sage\packaging\dist\QCS\_internal\pytz\zoneinfo\GMT+0
   Compressing: C:\Users\LAMB\Desktop\qcs_sage\packaging\dist\QCS\_internal\pytz\zoneinfo\GMT-0
   Compressing: C:\Users\LAMB\Desktop\qcs_sage\packaging\dist\QCS\_internal\pytz\zoneinfo\GMT0
   Compressing: C:\Users\LAMB\Desktop\qcs_sage\packaging\dist\QCS\_internal\pytz\zoneinfo\Greenwich
   Compressing: C:\Users\LAMB\Desktop\qcs_sage\packaging\dist\QCS\_internal\pytz\zoneinfo\Hongkong
   Compressing: C:\Users\LAMB\Desktop\qcs_sage\packaging\dist\QCS\_internal\pytz\zoneinfo\HST
   Compressing: C:\Users\LAMB\Desktop\qcs_sage\packaging\dist\QCS\_internal\pytz\zoneinfo\Iceland
   Compressing: C:\Users\LAMB\Desktop\qcs_sage\packaging\dist\QCS\_internal\pytz\zoneinfo\Iran
   Compressing: C:\Users\LAMB\Desktop\qcs_sage\packaging\dist\QCS\_internal\pytz\zoneinfo\iso3166.tab
   Compressing: C:\Users\LAMB\Desktop\qcs_sage\packaging\dist\QCS\_internal\pytz\zoneinfo\Israel
   Compressing: C:\Users\LAMB\Desktop\qcs_sage\packaging\dist\QCS\_internal\pytz\zoneinfo\Jamaica
   Compressing: C:\Users\LAMB\Desktop\qcs_sage\packaging\dist\QCS\_internal\pytz\zoneinfo\Japan
   Compressing: C:\Users\LAMB\Desktop\qcs_sage\packaging\dist\QCS\_internal\pytz\zoneinfo\Kwajalein
   Compressing: C:\Users\LAMB\Desktop\qcs_sage\packaging\dist\QCS\_internal\pytz\zoneinfo\leapseconds
   Compressing: C:\Users\LAMB\Desktop\qcs_sage\packaging\dist\QCS\_internal\pytz\zoneinfo\Libya
   Compressing: C:\Users\LAMB\Desktop\qcs_sage\packaging\dist\QCS\_internal\pytz\zoneinfo\MET
   Compressing: C:\Users\LAMB\Desktop\qcs_sage\packaging\dist\QCS\_internal\pytz\zoneinfo\MST
   Compressing: C:\Users\LAMB\Desktop\qcs_sage\packaging\dist\QCS\_internal\pytz\zoneinfo\MST7MDT
   Compressing: C:\Users\LAMB\Desktop\qcs_sage\packaging\dist\QCS\_internal\pytz\zoneinfo\Navajo
   Compressing: C:\Users\LAMB\Desktop\qcs_sage\packaging\dist\QCS\_internal\pytz\zoneinfo\NZ
   Compressing: C:\Users\LAMB\Desktop\qcs_sage\packaging\dist\QCS\_internal\pytz\zoneinfo\NZ-CHAT
   Compressing: C:\Users\LAMB\Desktop\qcs_sage\packaging\dist\QCS\_internal\pytz\zoneinfo\Poland
   Compressing: C:\Users\LAMB\Desktop\qcs_sage\packaging\dist\QCS\_internal\pytz\zoneinfo\Portugal
   Compressing: C:\Users\LAMB\Desktop\qcs_sage\packaging\dist\QCS\_internal\pytz\zoneinfo\PRC
   Compressing: C:\Users\LAMB\Desktop\qcs_sage\packaging\dist\QCS\_internal\pytz\zoneinfo\PST8PDT
   Compressing: C:\Users\LAMB\Desktop\qcs_sage\packaging\dist\QCS\_internal\pytz\zoneinfo\ROC
   Compressing: C:\Users\LAMB\Desktop\qcs_sage\packaging\dist\QCS\_internal\pytz\zoneinfo\ROK
   Compressing: C:\Users\LAMB\Desktop\qcs_sage\packaging\dist\QCS\_internal\pytz\zoneinfo\Singapore
   Compressing: C:\Users\LAMB\Desktop\qcs_sage\packaging\dist\QCS\_internal\pytz\zoneinfo\Turkey
   Compressing: C:\Users\LAMB\Desktop\qcs_sage\packaging\dist\QCS\_internal\pytz\zoneinfo\tzdata.zi
   Compressing: C:\Users\LAMB\Desktop\qcs_sage\packaging\dist\QCS\_internal\pytz\zoneinfo\UCT
   Compressing: C:\Users\LAMB\Desktop\qcs_sage\packaging\dist\QCS\_internal\pytz\zoneinfo\Universal
   Compressing: C:\Users\LAMB\Desktop\qcs_sage\packaging\dist\QCS\_internal\pytz\zoneinfo\UTC
   Compressing: C:\Users\LAMB\Desktop\qcs_sage\packaging\dist\QCS\_internal\pytz\zoneinfo\W-SU
   Compressing: C:\Users\LAMB\Desktop\qcs_sage\packaging\dist\QCS\_internal\pytz\zoneinfo\WET
   Compressing: C:\Users\LAMB\Desktop\qcs_sage\packaging\dist\QCS\_internal\pytz\zoneinfo\zone.tab
   Compressing: C:\Users\LAMB\Desktop\qcs_sage\packaging\dist\QCS\_internal\pytz\zoneinfo\zone1970.tab
   Compressing: C:\Users\LAMB\Desktop\qcs_sage\packaging\dist\QCS\_internal\pytz\zoneinfo\zonenow.tab
   Compressing: C:\Users\LAMB\Desktop\qcs_sage\packaging\dist\QCS\_internal\pytz\zoneinfo\Zulu
   Compressing: C:\Users\LAMB\Desktop\qcs_sage\packaging\dist\QCS\_internal\pytz\zoneinfo\Africa\Abidjan
   Compressing: C:\Users\LAMB\Desktop\qcs_sage\packaging\dist\QCS\_internal\pytz\zoneinfo\Africa\Accra
   Compressing: C:\Users\LAMB\Desktop\qcs_sage\packaging\dist\QCS\_internal\pytz\zoneinfo\Africa\Addis_Ababa
   Compressing: C:\Users\LAMB\Desktop\qcs_sage\packaging\dist\QCS\_internal\pytz\zoneinfo\Africa\Algiers
   Compressing: C:\Users\LAMB\Desktop\qcs_sage\packaging\dist\QCS\_internal\pytz\zoneinfo\Africa\Asmara
   Compressing: C:\Users\LAMB\Desktop\qcs_sage\packaging\dist\QCS\_internal\pytz\zoneinfo\Africa\Asmera
   Compressing: C:\Users\LAMB\Desktop\qcs_sage\packaging\dist\QCS\_internal\pytz\zoneinfo\Africa\Bamako
   Compressing: C:\Users\LAMB\Desktop\qcs_sage\packaging\dist\QCS\_internal\pytz\zoneinfo\Africa\Bangui
   Compressing: C:\Users\LAMB\Desktop\qcs_sage\packaging\dist\QCS\_internal\pytz\zoneinfo\Africa\Banjul
   Compressing: C:\Users\LAMB\Desktop\qcs_sage\packaging\dist\QCS\_internal\pytz\zoneinfo\Africa\Bissau
   Compressing: C:\Users\LAMB\Desktop\qcs_sage\packaging\dist\QCS\_internal\pytz\zoneinfo\Africa\Blantyre
   Compressing: C:\Users\LAMB\Desktop\qcs_sage\packaging\dist\QCS\_internal\pytz\zoneinfo\Africa\Brazzaville
   Compressing: C:\Users\LAMB\Desktop\qcs_sage\packaging\dist\QCS\_internal\pytz\zoneinfo\Africa\Bujumbura
   Compressing: C:\Users\LAMB\Desktop\qcs_sage\packaging\dist\QCS\_internal\pytz\zoneinfo\Africa\Cairo
   Compressing: C:\Users\LAMB\Desktop\qcs_sage\packaging\dist\QCS\_internal\pytz\zoneinfo\Africa\Casablanca
   Compressing: C:\Users\LAMB\Desktop\qcs_sage\packaging\dist\QCS\_internal\pytz\zoneinfo\Africa\Ceuta
   Compressing: C:\Users\LAMB\Desktop\qcs_sage\packaging\dist\QCS\_internal\pytz\zoneinfo\Africa\Conakry
   Compressing: C:\Users\LAMB\Desktop\qcs_sage\packaging\dist\QCS\_internal\pytz\zoneinfo\Africa\Dakar
   Compressing: C:\Users\LAMB\Desktop\qcs_sage\packaging\dist\QCS\_internal\pytz\zoneinfo\Africa\Dar_es_Salaam
   Compressing: C:\Users\LAMB\Desktop\qcs_sage\packaging\dist\QCS\_internal\pytz\zoneinfo\Africa\Djibouti
   Compressing: C:\Users\LAMB\Desktop\qcs_sage\packaging\dist\QCS\_internal\pytz\zoneinfo\Africa\Douala
   Compressing: C:\Users\LAMB\Desktop\qcs_sage\packaging\dist\QCS\_internal\pytz\zoneinfo\Africa\El_Aaiun
   Compressing: C:\Users\LAMB\Desktop\qcs_sage\packaging\dist\QCS\_internal\pytz\zoneinfo\Africa\Freetown
   Compressing: C:\Users\LAMB\Desktop\qcs_sage\packaging\dist\QCS\_internal\pytz\zoneinfo\Africa\Gaborone
   Compressing: C:\Users\LAMB\Desktop\qcs_sage\packaging\dist\QCS\_internal\pytz\zoneinfo\Africa\Harare
   Compressing: C:\Users\LAMB\Desktop\qcs_sage\packaging\dist\QCS\_internal\pytz\zoneinfo\Africa\Johannesburg
   Compressing: C:\Users\LAMB\Desktop\qcs_sage\packaging\dist\QCS\_internal\pytz\zoneinfo\Africa\Juba
   Compressing: C:\Users\LAMB\Desktop\qcs_sage\packaging\dist\QCS\_internal\pytz\zoneinfo\Africa\Kampala
   Compressing: C:\Users\LAMB\Desktop\qcs_sage\packaging\dist\QCS\_internal\pytz\zoneinfo\Africa\Khartoum
   Compressing: C:\Users\LAMB\Desktop\qcs_sage\packaging\dist\QCS\_internal\pytz\zoneinfo\Africa\Kigali
   Compressing: C:\Users\LAMB\Desktop\qcs_sage\packaging\dist\QCS\_internal\pytz\zoneinfo\Africa\Kinshasa
   Compressing: C:\Users\LAMB\Desktop\qcs_sage\packaging\dist\QCS\_internal\pytz\zoneinfo\Africa\Lagos
   Compressing: C:\Users\LAMB\Desktop\qcs_sage\packaging\dist\QCS\_internal\pytz\zoneinfo\Africa\Libreville
   Compressing: C:\Users\LAMB\Desktop\qcs_sage\packaging\dist\QCS\_internal\pytz\zoneinfo\Africa\Lome
   Compressing: C:\Users\LAMB\Desktop\qcs_sage\packaging\dist\QCS\_internal\pytz\zoneinfo\Africa\Luanda
   Compressing: C:\Users\LAMB\Desktop\qcs_sage\packaging\dist\QCS\_internal\pytz\zoneinfo\Africa\Lubumbashi
   Compressing: C:\Users\LAMB\Desktop\qcs_sage\packaging\dist\QCS\_internal\pytz\zoneinfo\Africa\Lusaka
   Compressing: C:\Users\LAMB\Desktop\qcs_sage\packaging\dist\QCS\_internal\pytz\zoneinfo\Africa\Malabo
   Compressing: C:\Users\LAMB\Desktop\qcs_sage\packaging\dist\QCS\_internal\pytz\zoneinfo\Africa\Maputo
   Compressing: C:\Users\LAMB\Desktop\qcs_sage\packaging\dist\QCS\_internal\pytz\zoneinfo\Africa\Maseru
   Compressing: C:\Users\LAMB\Desktop\qcs_sage\packaging\dist\QCS\_internal\pytz\zoneinfo\Africa\Mbabane
   Compressing: C:\Users\LAMB\Desktop\qcs_sage\packaging\dist\QCS\_internal\pytz\zoneinfo\Africa\Mogadishu
   Compressing: C:\Users\LAMB\Desktop\qcs_sage\packaging\dist\QCS\_internal\pytz\zoneinfo\Africa\Monrovia
   Compressing: C:\Users\LAMB\Desktop\qcs_sage\packaging\dist\QCS\_internal\pytz\zoneinfo\Africa\Nairobi
   Compressing: C:\Users\LAMB\Desktop\qcs_sage\packaging\dist\QCS\_internal\pytz\zoneinfo\Africa\Ndjamena
   Compressing: C:\Users\LAMB\Desktop\qcs_sage\packaging\dist\QCS\_internal\pytz\zoneinfo\Africa\Niamey
   Compressing: C:\Users\LAMB\Desktop\qcs_sage\packaging\dist\QCS\_internal\pytz\zoneinfo\Africa\Nouakchott
   Compressing: C:\Users\LAMB\Desktop\qcs_sage\packaging\dist\QCS\_internal\pytz\zoneinfo\Africa\Ouagadougou
   Compressing: C:\Users\LAMB\Desktop\qcs_sage\packaging\dist\QCS\_internal\pytz\zoneinfo\Africa\Porto-Novo
   Compressing: C:\Users\LAMB\Desktop\qcs_sage\packaging\dist\QCS\_internal\pytz\zoneinfo\Africa\Sao_Tome
   Compressing: C:\Users\LAMB\Desktop\qcs_sage\packaging\dist\QCS\_internal\pytz\zoneinfo\Africa\Timbuktu
   Compressing: C:\Users\LAMB\Desktop\qcs_sage\packaging\dist\QCS\_internal\pytz\zoneinfo\Africa\Tripoli
   Compressing: C:\Users\LAMB\Desktop\qcs_sage\packaging\dist\QCS\_internal\pytz\zoneinfo\Africa\Tunis
   Compressing: C:\Users\LAMB\Desktop\qcs_sage\packaging\dist\QCS\_internal\pytz\zoneinfo\Africa\Windhoek
   Compressing: C:\Users\LAMB\Desktop\qcs_sage\packaging\dist\QCS\_internal\pytz\zoneinfo\America\Adak
   Compressing: C:\Users\LAMB\Desktop\qcs_sage\packaging\dist\QCS\_internal\pytz\zoneinfo\America\Anchorage
   Compressing: C:\Users\LAMB\Desktop\qcs_sage\packaging\dist\QCS\_internal\pytz\zoneinfo\America\Anguilla
   Compressing: C:\Users\LAMB\Desktop\qcs_sage\packaging\dist\QCS\_internal\pytz\zoneinfo\America\Antigua
   Compressing: C:\Users\LAMB\Desktop\qcs_sage\packaging\dist\QCS\_internal\pytz\zoneinfo\America\Araguaina
   Compressing: C:\Users\LAMB\Desktop\qcs_sage\packaging\dist\QCS\_internal\pytz\zoneinfo\America\Aruba
   Compressing: C:\Users\LAMB\Desktop\qcs_sage\packaging\dist\QCS\_internal\pytz\zoneinfo\America\Asuncion
   Compressing: C:\Users\LAMB\Desktop\qcs_sage\packaging\dist\QCS\_internal\pytz\zoneinfo\America\Atikokan
   Compressing: C:\Users\LAMB\Desktop\qcs_sage\packaging\dist\QCS\_internal\pytz\zoneinfo\America\Atka
   Compressing: C:\Users\LAMB\Desktop\qcs_sage\packaging\dist\QCS\_internal\pytz\zoneinfo\America\Bahia
   Compressing: C:\Users\LAMB\Desktop\qcs_sage\packaging\dist\QCS\_internal\pytz\zoneinfo\America\Bahia_Banderas
   Compressing: C:\Users\LAMB\Desktop\qcs_sage\packaging\dist\QCS\_internal\pytz\zoneinfo\America\Barbados
   Compressing: C:\Users\LAMB\Desktop\qcs_sage\packaging\dist\QCS\_internal\pytz\zoneinfo\America\Belem
   Compressing: C:\Users\LAMB\Desktop\qcs_sage\packaging\dist\QCS\_internal\pytz\zoneinfo\America\Belize
   Compressing: C:\Users\LAMB\Desktop\qcs_sage\packaging\dist\QCS\_internal\pytz\zoneinfo\America\Blanc-Sablon
   Compressing: C:\Users\LAMB\Desktop\qcs_sage\packaging\dist\QCS\_internal\pytz\zoneinfo\America\Boa_Vista
   Compressing: C:\Users\LAMB\Desktop\qcs_sage\packaging\dist\QCS\_internal\pytz\zoneinfo\America\Bogota
   Compressing: C:\Users\LAMB\Desktop\qcs_sage\packaging\dist\QCS\_internal\pytz\zoneinfo\America\Boise
   Compressing: C:\Users\LAMB\Desktop\qcs_sage\packaging\dist\QCS\_internal\pytz\zoneinfo\America\Buenos_Aires
   Compressing: C:\Users\LAMB\Desktop\qcs_sage\packaging\dist\QCS\_internal\pytz\zoneinfo\America\Cambridge_Bay
   Compressing: C:\Users\LAMB\Desktop\qcs_sage\packaging\dist\QCS\_internal\pytz\zoneinfo\America\Campo_Grande
   Compressing: C:\Users\LAMB\Desktop\qcs_sage\packaging\dist\QCS\_internal\pytz\zoneinfo\America\Cancun
   Compressing: C:\Users\LAMB\Desktop\qcs_sage\packaging\dist\QCS\_internal\pytz\zoneinfo\America\Caracas
   Compressing: C:\Users\LAMB\Desktop\qcs_sage\packaging\dist\QCS\_internal\pytz\zoneinfo\America\Catamarca
   Compressing: C:\Users\LAMB\Desktop\qcs_sage\packaging\dist\QCS\_internal\pytz\zoneinfo\America\Cayenne
   Compressing: C:\Users\LAMB\Desktop\qcs_sage\packaging\dist\QCS\_internal\pytz\zoneinfo\America\Cayman
   Compressing: C:\Users\LAMB\Desktop\qcs_sage\packaging\dist\QCS\_internal\pytz\zoneinfo\America\Chicago
   Compressing: C:\Users\LAMB\Desktop\qcs_sage\packaging\dist\QCS\_internal\pytz\zoneinfo\America\Chihuahua
   Compressing: C:\Users\LAMB\Desktop\qcs_sage\packaging\dist\QCS\_internal\pytz\zoneinfo\America\Ciudad_Juarez
   Compressing: C:\Users\LAMB\Desktop\qcs_sage\packaging\dist\QCS\_internal\pytz\zoneinfo\America\Coral_Harbour
   Compressing: C:\Users\LAMB\Desktop\qcs_sage\packaging\dist\QCS\_internal\pytz\zoneinfo\America\Cordoba
   Compressing: C:\Users\LAMB\Desktop\qcs_sage\packaging\dist\QCS\_internal\pytz\zoneinfo\America\Costa_Rica
   Compressing: C:\Users\LAMB\Desktop\qcs_sage\packaging\dist\QCS\_internal\pytz\zoneinfo\America\Coyhaique
   Compressing: C:\Users\LAMB\Desktop\qcs_sage\packaging\dist\QCS\_internal\pytz\zoneinfo\America\Creston
   Compressing: C:\Users\LAMB\Desktop\qcs_sage\packaging\dist\QCS\_internal\pytz\zoneinfo\America\Cuiaba
   Compressing: C:\Users\LAMB\Desktop\qcs_sage\packaging\dist\QCS\_internal\pytz\zoneinfo\America\Curacao
   Compressing: C:\Users\LAMB\Desktop\qcs_sage\packaging\dist\QCS\_internal\pytz\zoneinfo\America\Danmarkshavn
   Compressing: C:\Users\LAMB\Desktop\qcs_sage\packaging\dist\QCS\_internal\pytz\zoneinfo\America\Dawson
   Compressing: C:\Users\LAMB\Desktop\qcs_sage\packaging\dist\QCS\_internal\pytz\zoneinfo\America\Dawson_Creek
   Compressing: C:\Users\LAMB\Desktop\qcs_sage\packaging\dist\QCS\_internal\pytz\zoneinfo\America\Denver
   Compressing: C:\Users\LAMB\Desktop\qcs_sage\packaging\dist\QCS\_internal\pytz\zoneinfo\America\Detroit
   Compressing: C:\Users\LAMB\Desktop\qcs_sage\packaging\dist\QCS\_internal\pytz\zoneinfo\America\Dominica
   Compressing: C:\Users\LAMB\Desktop\qcs_sage\packaging\dist\QCS\_internal\pytz\zoneinfo\America\Edmonton
   Compressing: C:\Users\LAMB\Desktop\qcs_sage\packaging\dist\QCS\_internal\pytz\zoneinfo\America\Eirunepe
   Compressing: C:\Users\LAMB\Desktop\qcs_sage\packaging\dist\QCS\_internal\pytz\zoneinfo\America\El_Salvador
   Compressing: C:\Users\LAMB\Desktop\qcs_sage\packaging\dist\QCS\_internal\pytz\zoneinfo\America\Ensenada
   Compressing: C:\Users\LAMB\Desktop\qcs_sage\packaging\dist\QCS\_internal\pytz\zoneinfo\America\Fortaleza
   Compressing: C:\Users\LAMB\Desktop\qcs_sage\packaging\dist\QCS\_internal\pytz\zoneinfo\America\Fort_Nelson
   Compressing: C:\Users\LAMB\Desktop\qcs_sage\packaging\dist\QCS\_internal\pytz\zoneinfo\America\Fort_Wayne
   Compressing: C:\Users\LAMB\Desktop\qcs_sage\packaging\dist\QCS\_internal\pytz\zoneinfo\America\Glace_Bay
   Compressing: C:\Users\LAMB\Desktop\qcs_sage\packaging\dist\QCS\_internal\pytz\zoneinfo\America\Godthab
   Compressing: C:\Users\LAMB\Desktop\qcs_sage\packaging\dist\QCS\_internal\pytz\zoneinfo\America\Goose_Bay
   Compressing: C:\Users\LAMB\Desktop\qcs_sage\packaging\dist\QCS\_internal\pytz\zoneinfo\America\Grand_Turk
   Compressing: C:\Users\LAMB\Desktop\qcs_sage\packaging\dist\QCS\_internal\pytz\zoneinfo\America\Grenada
   Compressing: C:\Users\LAMB\Desktop\qcs_sage\packaging\dist\QCS\_internal\pytz\zoneinfo\America\Guadeloupe
   Compressing: C:\Users\LAMB\Desktop\qcs_sage\packaging\dist\QCS\_internal\pytz\zoneinfo\America\Guatemala
   Compressing: C:\Users\LAMB\Desktop\qcs_sage\packaging\dist\QCS\_internal\pytz\zoneinfo\America\Guayaquil
   Compressing: C:\Users\LAMB\Desktop\qcs_sage\packaging\dist\QCS\_internal\pytz\zoneinfo\America\Guyana
   Compressing: C:\Users\LAMB\Desktop\qcs_sage\packaging\dist\QCS\_internal\pytz\zoneinfo\America\Halifax
   Compressing: C:\Users\LAMB\Desktop\qcs_sage\packaging\dist\QCS\_internal\pytz\zoneinfo\America\Havana
   Compressing: C:\Users\LAMB\Desktop\qcs_sage\packaging\dist\QCS\_internal\pytz\zoneinfo\America\Hermosillo
   Compressing: C:\Users\LAMB\Desktop\qcs_sage\packaging\dist\QCS\_internal\pytz\zoneinfo\America\Indianapolis
   Compressing: C:\Users\LAMB\Desktop\qcs_sage\packaging\dist\QCS\_internal\pytz\zoneinfo\America\Inuvik
   Compressing: C:\Users\LAMB\Desktop\qcs_sage\packaging\dist\QCS\_internal\pytz\zoneinfo\America\Iqaluit
   Compressing: C:\Users\LAMB\Desktop\qcs_sage\packaging\dist\QCS\_internal\pytz\zoneinfo\America\Jamaica
   Compressing: C:\Users\LAMB\Desktop\qcs_sage\packaging\dist\QCS\_internal\pytz\zoneinfo\America\Jujuy
   Compressing: C:\Users\LAMB\Desktop\qcs_sage\packaging\dist\QCS\_internal\pytz\zoneinfo\America\Juneau
   Compressing: C:\Users\LAMB\Desktop\qcs_sage\packaging\dist\QCS\_internal\pytz\zoneinfo\America\Knox_IN
   Compressing: C:\Users\LAMB\Desktop\qcs_sage\packaging\dist\QCS\_internal\pytz\zoneinfo\America\Kralendijk
   Compressing: C:\Users\LAMB\Desktop\qcs_sage\packaging\dist\QCS\_internal\pytz\zoneinfo\America\La_Paz
   Compressing: C:\Users\LAMB\Desktop\qcs_sage\packaging\dist\QCS\_internal\pytz\zoneinfo\America\Lima
   Compressing: C:\Users\LAMB\Desktop\qcs_sage\packaging\dist\QCS\_internal\pytz\zoneinfo\America\Los_Angeles
   Compressing: C:\Users\LAMB\Desktop\qcs_sage\packaging\dist\QCS\_internal\pytz\zoneinfo\America\Louisville
   Compressing: C:\Users\LAMB\Desktop\qcs_sage\packaging\dist\QCS\_internal\pytz\zoneinfo\America\Lower_Princes
   Compressing: C:\Users\LAMB\Desktop\qcs_sage\packaging\dist\QCS\_internal\pytz\zoneinfo\America\Maceio
   Compressing: C:\Users\LAMB\Desktop\qcs_sage\packaging\dist\QCS\_internal\pytz\zoneinfo\America\Managua
   Compressing: C:\Users\LAMB\Desktop\qcs_sage\packaging\dist\QCS\_internal\pytz\zoneinfo\America\Manaus
   Compressing: C:\Users\LAMB\Desktop\qcs_sage\packaging\dist\QCS\_internal\pytz\zoneinfo\America\Marigot
   Compressing: C:\Users\LAMB\Desktop\qcs_sage\packaging\dist\QCS\_internal\pytz\zoneinfo\America\Martinique
   Compressing: C:\Users\LAMB\Desktop\qcs_sage\packaging\dist\QCS\_internal\pytz\zoneinfo\America\Matamoros
   Compressing: C:\Users\LAMB\Desktop\qcs_sage\packaging\dist\QCS\_internal\pytz\zoneinfo\America\Mazatlan
   Compressing: C:\Users\LAMB\Desktop\qcs_sage\packaging\dist\QCS\_internal\pytz\zoneinfo\America\Mendoza
   Compressing: C:\Users\LAMB\Desktop\qcs_sage\packaging\dist\QCS\_internal\pytz\zoneinfo\America\Menominee
   Compressing: C:\Users\LAMB\Desktop\qcs_sage\packaging\dist\QCS\_internal\pytz\zoneinfo\America\Merida
   Compressing: C:\Users\LAMB\Desktop\qcs_sage\packaging\dist\QCS\_internal\pytz\zoneinfo\America\Metlakatla
   Compressing: C:\Users\LAMB\Desktop\qcs_sage\packaging\dist\QCS\_internal\pytz\zoneinfo\America\Mexico_City
   Compressing: C:\Users\LAMB\Desktop\qcs_sage\packaging\dist\QCS\_internal\pytz\zoneinfo\America\Miquelon
   Compressing: C:\Users\LAMB\Desktop\qcs_sage\packaging\dist\QCS\_internal\pytz\zoneinfo\America\Moncton
   Compressing: C:\Users\LAMB\Desktop\qcs_sage\packaging\dist\QCS\_internal\pytz\zoneinfo\America\Monterrey
   Compressing: C:\Users\LAMB\Desktop\qcs_sage\packaging\dist\QCS\_internal\pytz\zoneinfo\America\Montevideo
   Compressing: C:\Users\LAMB\Desktop\qcs_sage\packaging\dist\QCS\_internal\pytz\zoneinfo\America\Montreal
   Compressing: C:\Users\LAMB\Desktop\qcs_sage\packaging\dist\QCS\_internal\pytz\zoneinfo\America\Montserrat
   Compressing: C:\Users\LAMB\Desktop\qcs_sage\packaging\dist\QCS\_internal\pytz\zoneinfo\America\Nassau
   Compressing: C:\Users\LAMB\Desktop\qcs_sage\packaging\dist\QCS\_internal\pytz\zoneinfo\America\New_York
   Compressing: C:\Users\LAMB\Desktop\qcs_sage\packaging\dist\QCS\_internal\pytz\zoneinfo\America\Nipigon
   Compressing: C:\Users\LAMB\Desktop\qcs_sage\packaging\dist\QCS\_internal\pytz\zoneinfo\America\Nome
   Compressing: C:\Users\LAMB\Desktop\qcs_sage\packaging\dist\QCS\_internal\pytz\zoneinfo\America\Noronha
   Compressing: C:\Users\LAMB\Desktop\qcs_sage\packaging\dist\QCS\_internal\pytz\zoneinfo\America\Nuuk
   Compressing: C:\Users\LAMB\Desktop\qcs_sage\packaging\dist\QCS\_internal\pytz\zoneinfo\America\Ojinaga
   Compressing: C:\Users\LAMB\Desktop\qcs_sage\packaging\dist\QCS\_internal\pytz\zoneinfo\America\Panama
   Compressing: C:\Users\LAMB\Desktop\qcs_sage\packaging\dist\QCS\_internal\pytz\zoneinfo\America\Pangnirtung
   Compressing: C:\Users\LAMB\Desktop\qcs_sage\packaging\dist\QCS\_internal\pytz\zoneinfo\America\Paramaribo
   Compressing: C:\Users\LAMB\Desktop\qcs_sage\packaging\dist\QCS\_internal\pytz\zoneinfo\America\Phoenix
   Compressing: C:\Users\LAMB\Desktop\qcs_sage\packaging\dist\QCS\_internal\pytz\zoneinfo\America\Port-au-Prince
   Compressing: C:\Users\LAMB\Desktop\qcs_sage\packaging\dist\QCS\_internal\pytz\zoneinfo\America\Porto_Acre
   Compressing: C:\Users\LAMB\Desktop\qcs_sage\packaging\dist\QCS\_internal\pytz\zoneinfo\America\Porto_Velho
   Compressing: C:\Users\LAMB\Desktop\qcs_sage\packaging\dist\QCS\_internal\pytz\zoneinfo\America\Port_of_Spain
   Compressing: C:\Users\LAMB\Desktop\qcs_sage\packaging\dist\QCS\_internal\pytz\zoneinfo\America\Puerto_Rico
   Compressing: C:\Users\LAMB\Desktop\qcs_sage\packaging\dist\QCS\_internal\pytz\zoneinfo\America\Punta_Arenas
   Compressing: C:\Users\LAMB\Desktop\qcs_sage\packaging\dist\QCS\_internal\pytz\zoneinfo\America\Rainy_River
   Compressing: C:\Users\LAMB\Desktop\qcs_sage\packaging\dist\QCS\_internal\pytz\zoneinfo\America\Rankin_Inlet
   Compressing: C:\Users\LAMB\Desktop\qcs_sage\packaging\dist\QCS\_internal\pytz\zoneinfo\America\Recife
   Compressing: C:\Users\LAMB\Desktop\qcs_sage\packaging\dist\QCS\_internal\pytz\zoneinfo\America\Regina
   Compressing: C:\Users\LAMB\Desktop\qcs_sage\packaging\dist\QCS\_internal\pytz\zoneinfo\America\Resolute
   Compressing: C:\Users\LAMB\Desktop\qcs_sage\packaging\dist\QCS\_internal\pytz\zoneinfo\America\Rio_Branco
   Compressing: C:\Users\LAMB\Desktop\qcs_sage\packaging\dist\QCS\_internal\pytz\zoneinfo\America\Rosario
   Compressing: C:\Users\LAMB\Desktop\qcs_sage\packaging\dist\QCS\_internal\pytz\zoneinfo\America\Santarem
   Compressing: C:\Users\LAMB\Desktop\qcs_sage\packaging\dist\QCS\_internal\pytz\zoneinfo\America\Santa_Isabel
   Compressing: C:\Users\LAMB\Desktop\qcs_sage\packaging\dist\QCS\_internal\pytz\zoneinfo\America\Santiago
   Compressing: C:\Users\LAMB\Desktop\qcs_sage\packaging\dist\QCS\_internal\pytz\zoneinfo\America\Santo_Domingo
   Compressing: C:\Users\LAMB\Desktop\qcs_sage\packaging\dist\QCS\_internal\pytz\zoneinfo\America\Sao_Paulo
   Compressing: C:\Users\LAMB\Desktop\qcs_sage\packaging\dist\QCS\_internal\pytz\zoneinfo\America\Scoresbysund
   Compressing: C:\Users\LAMB\Desktop\qcs_sage\packaging\dist\QCS\_internal\pytz\zoneinfo\America\Shiprock
   Compressing: C:\Users\LAMB\Desktop\qcs_sage\packaging\dist\QCS\_internal\pytz\zoneinfo\America\Sitka
   Compressing: C:\Users\LAMB\Desktop\qcs_sage\packaging\dist\QCS\_internal\pytz\zoneinfo\America\St_Barthelemy
   Compressing: C:\Users\LAMB\Desktop\qcs_sage\packaging\dist\QCS\_internal\pytz\zoneinfo\America\St_Johns
   Compressing: C:\Users\LAMB\Desktop\qcs_sage\packaging\dist\QCS\_internal\pytz\zoneinfo\America\St_Kitts
   Compressing: C:\Users\LAMB\Desktop\qcs_sage\packaging\dist\QCS\_internal\pytz\zoneinfo\America\St_Lucia
   Compressing: C:\Users\LAMB\Desktop\qcs_sage\packaging\dist\QCS\_internal\pytz\zoneinfo\America\St_Thomas
   Compressing: C:\Users\LAMB\Desktop\qcs_sage\packaging\dist\QCS\_internal\pytz\zoneinfo\America\St_Vincent
   Compressing: C:\Users\LAMB\Desktop\qcs_sage\packaging\dist\QCS\_internal\pytz\zoneinfo\America\Swift_Current
   Compressing: C:\Users\LAMB\Desktop\qcs_sage\packaging\dist\QCS\_internal\pytz\zoneinfo\America\Tegucigalpa
   Compressing: C:\Users\LAMB\Desktop\qcs_sage\packaging\dist\QCS\_internal\pytz\zoneinfo\America\Thule
   Compressing: C:\Users\LAMB\Desktop\qcs_sage\packaging\dist\QCS\_internal\pytz\zoneinfo\America\Thunder_Bay
   Compressing: C:\Users\LAMB\Desktop\qcs_sage\packaging\dist\QCS\_internal\pytz\zoneinfo\America\Tijuana
   Compressing: C:\Users\LAMB\Desktop\qcs_sage\packaging\dist\QCS\_internal\pytz\zoneinfo\America\Toronto
   Compressing: C:\Users\LAMB\Desktop\qcs_sage\packaging\dist\QCS\_internal\pytz\zoneinfo\America\Tortola
   Compressing: C:\Users\LAMB\Desktop\qcs_sage\packaging\dist\QCS\_internal\pytz\zoneinfo\America\Vancouver
   Compressing: C:\Users\LAMB\Desktop\qcs_sage\packaging\dist\QCS\_internal\pytz\zoneinfo\America\Virgin
   Compressing: C:\Users\LAMB\Desktop\qcs_sage\packaging\dist\QCS\_internal\pytz\zoneinfo\America\Whitehorse
   Compressing: C:\Users\LAMB\Desktop\qcs_sage\packaging\dist\QCS\_internal\pytz\zoneinfo\America\Winnipeg
   Compressing: C:\Users\LAMB\Desktop\qcs_sage\packaging\dist\QCS\_internal\pytz\zoneinfo\America\Yakutat
   Compressing: C:\Users\LAMB\Desktop\qcs_sage\packaging\dist\QCS\_internal\pytz\zoneinfo\America\Yellowknife
   Compressing: C:\Users\LAMB\Desktop\qcs_sage\packaging\dist\QCS\_internal\pytz\zoneinfo\America\Argentina\Buenos_Aires
   Compressing: C:\Users\LAMB\Desktop\qcs_sage\packaging\dist\QCS\_internal\pytz\zoneinfo\America\Argentina\Catamarca
   Compressing: C:\Users\LAMB\Desktop\qcs_sage\packaging\dist\QCS\_internal\pytz\zoneinfo\America\Argentina\ComodRivadavia
   Compressing: C:\Users\LAMB\Desktop\qcs_sage\packaging\dist\QCS\_internal\pytz\zoneinfo\America\Argentina\Cordoba
   Compressing: C:\Users\LAMB\Desktop\qcs_sage\packaging\dist\QCS\_internal\pytz\zoneinfo\America\Argentina\Jujuy
   Compressing: C:\Users\LAMB\Desktop\qcs_sage\packaging\dist\QCS\_internal\pytz\zoneinfo\America\Argentina\La_Rioja
   Compressing: C:\Users\LAMB\Desktop\qcs_sage\packaging\dist\QCS\_internal\pytz\zoneinfo\America\Argentina\Mendoza
   Compressing: C:\Users\LAMB\Desktop\qcs_sage\packaging\dist\QCS\_internal\pytz\zoneinfo\America\Argentina\Rio_Gallegos
   Compressing: C:\Users\LAMB\Desktop\qcs_sage\packaging\dist\QCS\_internal\pytz\zoneinfo\America\Argentina\Salta
   Compressing: C:\Users\LAMB\Desktop\qcs_sage\packaging\dist\QCS\_internal\pytz\zoneinfo\America\Argentina\San_Juan
   Compressing: C:\Users\LAMB\Desktop\qcs_sage\packaging\dist\QCS\_internal\pytz\zoneinfo\America\Argentina\San_Luis
   Compressing: C:\Users\LAMB\Desktop\qcs_sage\packaging\dist\QCS\_internal\pytz\zoneinfo\America\Argentina\Tucuman
   Compressing: C:\Users\LAMB\Desktop\qcs_sage\packaging\dist\QCS\_internal\pytz\zoneinfo\America\Argentina\Ushuaia
   Compressing: C:\Users\LAMB\Desktop\qcs_sage\packaging\dist\QCS\_internal\pytz\zoneinfo\America\Indiana\Indianapolis
   Compressing: C:\Users\LAMB\Desktop\qcs_sage\packaging\dist\QCS\_internal\pytz\zoneinfo\America\Indiana\Knox
   Compressing: C:\Users\LAMB\Desktop\qcs_sage\packaging\dist\QCS\_internal\pytz\zoneinfo\America\Indiana\Marengo
   Compressing: C:\Users\LAMB\Desktop\qcs_sage\packaging\dist\QCS\_internal\pytz\zoneinfo\America\Indiana\Petersburg
   Compressing: C:\Users\LAMB\Desktop\qcs_sage\packaging\dist\QCS\_internal\pytz\zoneinfo\America\Indiana\Tell_City
   Compressing: C:\Users\LAMB\Desktop\qcs_sage\packaging\dist\QCS\_internal\pytz\zoneinfo\America\Indiana\Vevay
   Compressing: C:\Users\LAMB\Desktop\qcs_sage\packaging\dist\QCS\_internal\pytz\zoneinfo\America\Indiana\Vincennes
   Compressing: C:\Users\LAMB\Desktop\qcs_sage\packaging\dist\QCS\_internal\pytz\zoneinfo\America\Indiana\Winamac
   Compressing: C:\Users\LAMB\Desktop\qcs_sage\packaging\dist\QCS\_internal\pytz\zoneinfo\America\Kentucky\Louisville
   Compressing: C:\Users\LAMB\Desktop\qcs_sage\packaging\dist\QCS\_internal\pytz\zoneinfo\America\Kentucky\Monticello
   Compressing: C:\Users\LAMB\Desktop\qcs_sage\packaging\dist\QCS\_internal\pytz\zoneinfo\America\North_Dakota\Beulah
   Compressing: C:\Users\LAMB\Desktop\qcs_sage\packaging\dist\QCS\_internal\pytz\zoneinfo\America\North_Dakota\Center
   Compressing: C:\Users\LAMB\Desktop\qcs_sage\packaging\dist\QCS\_internal\pytz\zoneinfo\America\North_Dakota\New_Salem
   Compressing: C:\Users\LAMB\Desktop\qcs_sage\packaging\dist\QCS\_internal\pytz\zoneinfo\Antarctica\Casey
   Compressing: C:\Users\LAMB\Desktop\qcs_sage\packaging\dist\QCS\_internal\pytz\zoneinfo\Antarctica\Davis
   Compressing: C:\Users\LAMB\Desktop\qcs_sage\packaging\dist\QCS\_internal\pytz\zoneinfo\Antarctica\DumontDUrville
   Compressing: C:\Users\LAMB\Desktop\qcs_sage\packaging\dist\QCS\_internal\pytz\zoneinfo\Antarctica\Macquarie
   Compressing: C:\Users\LAMB\Desktop\qcs_sage\packaging\dist\QCS\_internal\pytz\zoneinfo\Antarctica\Mawson
   Compressing: C:\Users\LAMB\Desktop\qcs_sage\packaging\dist\QCS\_internal\pytz\zoneinfo\Antarctica\McMurdo
   Compressing: C:\Users\LAMB\Desktop\qcs_sage\packaging\dist\QCS\_internal\pytz\zoneinfo\Antarctica\Palmer
   Compressing: C:\Users\LAMB\Desktop\qcs_sage\packaging\dist\QCS\_internal\pytz\zoneinfo\Antarctica\Rothera
   Compressing: C:\Users\LAMB\Desktop\qcs_sage\packaging\dist\QCS\_internal\pytz\zoneinfo\Antarctica\South_Pole
   Compressing: C:\Users\LAMB\Desktop\qcs_sage\packaging\dist\QCS\_internal\pytz\zoneinfo\Antarctica\Syowa
   Compressing: C:\Users\LAMB\Desktop\qcs_sage\packaging\dist\QCS\_internal\pytz\zoneinfo\Antarctica\Troll
   Compressing: C:\Users\LAMB\Desktop\qcs_sage\packaging\dist\QCS\_internal\pytz\zoneinfo\Antarctica\Vostok
   Compressing: C:\Users\LAMB\Desktop\qcs_sage\packaging\dist\QCS\_internal\pytz\zoneinfo\Arctic\Longyearbyen
   Compressing: C:\Users\LAMB\Desktop\qcs_sage\packaging\dist\QCS\_internal\pytz\zoneinfo\Asia\Aden
   Compressing: C:\Users\LAMB\Desktop\qcs_sage\packaging\dist\QCS\_internal\pytz\zoneinfo\Asia\Almaty
   Compressing: C:\Users\LAMB\Desktop\qcs_sage\packaging\dist\QCS\_internal\pytz\zoneinfo\Asia\Amman
   Compressing: C:\Users\LAMB\Desktop\qcs_sage\packaging\dist\QCS\_internal\pytz\zoneinfo\Asia\Anadyr
   Compressing: C:\Users\LAMB\Desktop\qcs_sage\packaging\dist\QCS\_internal\pytz\zoneinfo\Asia\Aqtau
   Compressing: C:\Users\LAMB\Desktop\qcs_sage\packaging\dist\QCS\_internal\pytz\zoneinfo\Asia\Aqtobe
   Compressing: C:\Users\LAMB\Desktop\qcs_sage\packaging\dist\QCS\_internal\pytz\zoneinfo\Asia\Ashgabat
   Compressing: C:\Users\LAMB\Desktop\qcs_sage\packaging\dist\QCS\_internal\pytz\zoneinfo\Asia\Ashkhabad
   Compressing: C:\Users\LAMB\Desktop\qcs_sage\packaging\dist\QCS\_internal\pytz\zoneinfo\Asia\Atyrau
   Compressing: C:\Users\LAMB\Desktop\qcs_sage\packaging\dist\QCS\_internal\pytz\zoneinfo\Asia\Baghdad
   Compressing: C:\Users\LAMB\Desktop\qcs_sage\packaging\dist\QCS\_internal\pytz\zoneinfo\Asia\Bahrain
   Compressing: C:\Users\LAMB\Desktop\qcs_sage\packaging\dist\QCS\_internal\pytz\zoneinfo\Asia\Baku
   Compressing: C:\Users\LAMB\Desktop\qcs_sage\packaging\dist\QCS\_internal\pytz\zoneinfo\Asia\Bangkok
   Compressing: C:\Users\LAMB\Desktop\qcs_sage\packaging\dist\QCS\_internal\pytz\zoneinfo\Asia\Barnaul
   Compressing: C:\Users\LAMB\Desktop\qcs_sage\packaging\dist\QCS\_internal\pytz\zoneinfo\Asia\Beirut
   Compressing: C:\Users\LAMB\Desktop\qcs_sage\packaging\dist\QCS\_internal\pytz\zoneinfo\Asia\Bishkek
   Compressing: C:\Users\LAMB\Desktop\qcs_sage\packaging\dist\QCS\_internal\pytz\zoneinfo\Asia\Brunei
   Compressing: C:\Users\LAMB\Desktop\qcs_sage\packaging\dist\QCS\_internal\pytz\zoneinfo\Asia\Calcutta
   Compressing: C:\Users\LAMB\Desktop\qcs_sage\packaging\dist\QCS\_internal\pytz\zoneinfo\Asia\Chita
   Compressing: C:\Users\LAMB\Desktop\qcs_sage\packaging\dist\QCS\_internal\pytz\zoneinfo\Asia\Choibalsan
   Compressing: C:\Users\LAMB\Desktop\qcs_sage\packaging\dist\QCS\_internal\pytz\zoneinfo\Asia\Chongqing
   Compressing: C:\Users\LAMB\Desktop\qcs_sage\packaging\dist\QCS\_internal\pytz\zoneinfo\Asia\Chungking
   Compressing: C:\Users\LAMB\Desktop\qcs_sage\packaging\dist\QCS\_internal\pytz\zoneinfo\Asia\Colombo
   Compressing: C:\Users\LAMB\Desktop\qcs_sage\packaging\dist\QCS\_internal\pytz\zoneinfo\Asia\Dacca
   Compressing: C:\Users\LAMB\Desktop\qcs_sage\packaging\dist\QCS\_internal\pytz\zoneinfo\Asia\Damascus
   Compressing: C:\Users\LAMB\Desktop\qcs_sage\packaging\dist\QCS\_internal\pytz\zoneinfo\Asia\Dhaka
   Compressing: C:\Users\LAMB\Desktop\qcs_sage\packaging\dist\QCS\_internal\pytz\zoneinfo\Asia\Dili
   Compressing: C:\Users\LAMB\Desktop\qcs_sage\packaging\dist\QCS\_internal\pytz\zoneinfo\Asia\Dubai
   Compressing: C:\Users\LAMB\Desktop\qcs_sage\packaging\dist\QCS\_internal\pytz\zoneinfo\Asia\Dushanbe
   Compressing: C:\Users\LAMB\Desktop\qcs_sage\packaging\dist\QCS\_internal\pytz\zoneinfo\Asia\Famagusta
   Compressing: C:\Users\LAMB\Desktop\qcs_sage\packaging\dist\QCS\_internal\pytz\zoneinfo\Asia\Gaza
   Compressing: C:\Users\LAMB\Desktop\qcs_sage\packaging\dist\QCS\_internal\pytz\zoneinfo\Asia\Harbin
   Compressing: C:\Users\LAMB\Desktop\qcs_sage\packaging\dist\QCS\_internal\pytz\zoneinfo\Asia\Hebron
   Compressing: C:\Users\LAMB\Desktop\qcs_sage\packaging\dist\QCS\_internal\pytz\zoneinfo\Asia\Hong_Kong
   Compressing: C:\Users\LAMB\Desktop\qcs_sage\packaging\dist\QCS\_internal\pytz\zoneinfo\Asia\Hovd
   Compressing: C:\Users\LAMB\Desktop\qcs_sage\packaging\dist\QCS\_internal\pytz\zoneinfo\Asia\Ho_Chi_Minh
   Compressing: C:\Users\LAMB\Desktop\qcs_sage\packaging\dist\QCS\_internal\pytz\zoneinfo\Asia\Irkutsk
   Compressing: C:\Users\LAMB\Desktop\qcs_sage\packaging\dist\QCS\_internal\pytz\zoneinfo\Asia\Istanbul
   Compressing: C:\Users\LAMB\Desktop\qcs_sage\packaging\dist\QCS\_internal\pytz\zoneinfo\Asia\Jakarta
   Compressing: C:\Users\LAMB\Desktop\qcs_sage\packaging\dist\QCS\_internal\pytz\zoneinfo\Asia\Jayapura
   Compressing: C:\Users\LAMB\Desktop\qcs_sage\packaging\dist\QCS\_internal\pytz\zoneinfo\Asia\Jerusalem
   Compressing: C:\Users\LAMB\Desktop\qcs_sage\packaging\dist\QCS\_internal\pytz\zoneinfo\Asia\Kabul
   Compressing: C:\Users\LAMB\Desktop\qcs_sage\packaging\dist\QCS\_internal\pytz\zoneinfo\Asia\Kamchatka
   Compressing: C:\Users\LAMB\Desktop\qcs_sage\packaging\dist\QCS\_internal\pytz\zoneinfo\Asia\Karachi
   Compressing: C:\Users\LAMB\Desktop\qcs_sage\packaging\dist\QCS\_internal\pytz\zoneinfo\Asia\Kashgar
   Compressing: C:\Users\LAMB\Desktop\qcs_sage\packaging\dist\QCS\_internal\pytz\zoneinfo\Asia\Kathmandu
   Compressing: C:\Users\LAMB\Desktop\qcs_sage\packaging\dist\QCS\_internal\pytz\zoneinfo\Asia\Katmandu
   Compressing: C:\Users\LAMB\Desktop\qcs_sage\packaging\dist\QCS\_internal\pytz\zoneinfo\Asia\Khandyga
   Compressing: C:\Users\LAMB\Desktop\qcs_sage\packaging\dist\QCS\_internal\pytz\zoneinfo\Asia\Kolkata
   Compressing: C:\Users\LAMB\Desktop\qcs_sage\packaging\dist\QCS\_internal\pytz\zoneinfo\Asia\Krasnoyarsk
   Compressing: C:\Users\LAMB\Desktop\qcs_sage\packaging\dist\QCS\_internal\pytz\zoneinfo\Asia\Kuala_Lumpur
   Compressing: C:\Users\LAMB\Desktop\qcs_sage\packaging\dist\QCS\_internal\pytz\zoneinfo\Asia\Kuching
   Compressing: C:\Users\LAMB\Desktop\qcs_sage\packaging\dist\QCS\_internal\pytz\zoneinfo\Asia\Kuwait
   Compressing: C:\Users\LAMB\Desktop\qcs_sage\packaging\dist\QCS\_internal\pytz\zoneinfo\Asia\Macao
   Compressing: C:\Users\LAMB\Desktop\qcs_sage\packaging\dist\QCS\_internal\pytz\zoneinfo\Asia\Macau
   Compressing: C:\Users\LAMB\Desktop\qcs_sage\packaging\dist\QCS\_internal\pytz\zoneinfo\Asia\Magadan
   Compressing: C:\Users\LAMB\Desktop\qcs_sage\packaging\dist\QCS\_internal\pytz\zoneinfo\Asia\Makassar
   Compressing: C:\Users\LAMB\Desktop\qcs_sage\packaging\dist\QCS\_internal\pytz\zoneinfo\Asia\Manila
   Compressing: C:\Users\LAMB\Desktop\qcs_sage\packaging\dist\QCS\_internal\pytz\zoneinfo\Asia\Muscat
   Compressing: C:\Users\LAMB\Desktop\qcs_sage\packaging\dist\QCS\_internal\pytz\zoneinfo\Asia\Nicosia
   Compressing: C:\Users\LAMB\Desktop\qcs_sage\packaging\dist\QCS\_internal\pytz\zoneinfo\Asia\Novokuznetsk
   Compressing: C:\Users\LAMB\Desktop\qcs_sage\packaging\dist\QCS\_internal\pytz\zoneinfo\Asia\Novosibirsk
   Compressing: C:\Users\LAMB\Desktop\qcs_sage\packaging\dist\QCS\_internal\pytz\zoneinfo\Asia\Omsk
   Compressing: C:\Users\LAMB\Desktop\qcs_sage\packaging\dist\QCS\_internal\pytz\zoneinfo\Asia\Oral
   Compressing: C:\Users\LAMB\Desktop\qcs_sage\packaging\dist\QCS\_internal\pytz\zoneinfo\Asia\Phnom_Penh
   Compressing: C:\Users\LAMB\Desktop\qcs_sage\packaging\dist\QCS\_internal\pytz\zoneinfo\Asia\Pontianak
   Compressing: C:\Users\LAMB\Desktop\qcs_sage\packaging\dist\QCS\_internal\pytz\zoneinfo\Asia\Pyongyang
   Compressing: C:\Users\LAMB\Desktop\qcs_sage\packaging\dist\QCS\_internal\pytz\zoneinfo\Asia\Qatar
   Compressing: C:\Users\LAMB\Desktop\qcs_sage\packaging\dist\QCS\_internal\pytz\zoneinfo\Asia\Qostanay
   Compressing: C:\Users\LAMB\Desktop\qcs_sage\packaging\dist\QCS\_internal\pytz\zoneinfo\Asia\Qyzylorda
   Compressing: C:\Users\LAMB\Desktop\qcs_sage\packaging\dist\QCS\_internal\pytz\zoneinfo\Asia\Rangoon
   Compressing: C:\Users\LAMB\Desktop\qcs_sage\packaging\dist\QCS\_internal\pytz\zoneinfo\Asia\Riyadh
   Compressing: C:\Users\LAMB\Desktop\qcs_sage\packaging\dist\QCS\_internal\pytz\zoneinfo\Asia\Saigon
   Compressing: C:\Users\LAMB\Desktop\qcs_sage\packaging\dist\QCS\_internal\pytz\zoneinfo\Asia\Sakhalin
   Compressing: C:\Users\LAMB\Desktop\qcs_sage\packaging\dist\QCS\_internal\pytz\zoneinfo\Asia\Samarkand
   Compressing: C:\Users\LAMB\Desktop\qcs_sage\packaging\dist\QCS\_internal\pytz\zoneinfo\Asia\Seoul
   Compressing: C:\Users\LAMB\Desktop\qcs_sage\packaging\dist\QCS\_internal\pytz\zoneinfo\Asia\Shanghai
   Compressing: C:\Users\LAMB\Desktop\qcs_sage\packaging\dist\QCS\_internal\pytz\zoneinfo\Asia\Singapore
   Compressing: C:\Users\LAMB\Desktop\qcs_sage\packaging\dist\QCS\_internal\pytz\zoneinfo\Asia\Srednekolymsk
   Compressing: C:\Users\LAMB\Desktop\qcs_sage\packaging\dist\QCS\_internal\pytz\zoneinfo\Asia\Taipei
   Compressing: C:\Users\LAMB\Desktop\qcs_sage\packaging\dist\QCS\_internal\pytz\zoneinfo\Asia\Tashkent
   Compressing: C:\Users\LAMB\Desktop\qcs_sage\packaging\dist\QCS\_internal\pytz\zoneinfo\Asia\Tbilisi
   Compressing: C:\Users\LAMB\Desktop\qcs_sage\packaging\dist\QCS\_internal\pytz\zoneinfo\Asia\Tehran
   Compressing: C:\Users\LAMB\Desktop\qcs_sage\packaging\dist\QCS\_internal\pytz\zoneinfo\Asia\Tel_Aviv
   Compressing: C:\Users\LAMB\Desktop\qcs_sage\packaging\dist\QCS\_internal\pytz\zoneinfo\Asia\Thimbu
   Compressing: C:\Users\LAMB\Desktop\qcs_sage\packaging\dist\QCS\_internal\pytz\zoneinfo\Asia\Thimphu
   Compressing: C:\Users\LAMB\Desktop\qcs_sage\packaging\dist\QCS\_internal\pytz\zoneinfo\Asia\Tokyo
   Compressing: C:\Users\LAMB\Desktop\qcs_sage\packaging\dist\QCS\_internal\pytz\zoneinfo\Asia\Tomsk
   Compressing: C:\Users\LAMB\Desktop\qcs_sage\packaging\dist\QCS\_internal\pytz\zoneinfo\Asia\Ujung_Pandang
   Compressing: C:\Users\LAMB\Desktop\qcs_sage\packaging\dist\QCS\_internal\pytz\zoneinfo\Asia\Ulaanbaatar
   Compressing: C:\Users\LAMB\Desktop\qcs_sage\packaging\dist\QCS\_internal\pytz\zoneinfo\Asia\Ulan_Bator
   Compressing: C:\Users\LAMB\Desktop\qcs_sage\packaging\dist\QCS\_internal\pytz\zoneinfo\Asia\Urumqi
   Compressing: C:\Users\LAMB\Desktop\qcs_sage\packaging\dist\QCS\_internal\pytz\zoneinfo\Asia\Ust-Nera
   Compressing: C:\Users\LAMB\Desktop\qcs_sage\packaging\dist\QCS\_internal\pytz\zoneinfo\Asia\Vientiane
   Compressing: C:\Users\LAMB\Desktop\qcs_sage\packaging\dist\QCS\_internal\pytz\zoneinfo\Asia\Vladivostok
   Compressing: C:\Users\LAMB\Desktop\qcs_sage\packaging\dist\QCS\_internal\pytz\zoneinfo\Asia\Yakutsk
   Compressing: C:\Users\LAMB\Desktop\qcs_sage\packaging\dist\QCS\_internal\pytz\zoneinfo\Asia\Yangon
   Compressing: C:\Users\LAMB\Desktop\qcs_sage\packaging\dist\QCS\_internal\pytz\zoneinfo\Asia\Yekaterinburg
   Compressing: C:\Users\LAMB\Desktop\qcs_sage\packaging\dist\QCS\_internal\pytz\zoneinfo\Asia\Yerevan
   Compressing: C:\Users\LAMB\Desktop\qcs_sage\packaging\dist\QCS\_internal\pytz\zoneinfo\Atlantic\Azores
   Compressing: C:\Users\LAMB\Desktop\qcs_sage\packaging\dist\QCS\_internal\pytz\zoneinfo\Atlantic\Bermuda
   Compressing: C:\Users\LAMB\Desktop\qcs_sage\packaging\dist\QCS\_internal\pytz\zoneinfo\Atlantic\Canary
   Compressing: C:\Users\LAMB\Desktop\qcs_sage\packaging\dist\QCS\_internal\pytz\zoneinfo\Atlantic\Cape_Verde
   Compressing: C:\Users\LAMB\Desktop\qcs_sage\packaging\dist\QCS\_internal\pytz\zoneinfo\Atlantic\Faeroe
   Compressing: C:\Users\LAMB\Desktop\qcs_sage\packaging\dist\QCS\_internal\pytz\zoneinfo\Atlantic\Faroe
   Compressing: C:\Users\LAMB\Desktop\qcs_sage\packaging\dist\QCS\_internal\pytz\zoneinfo\Atlantic\Jan_Mayen
   Compressing: C:\Users\LAMB\Desktop\qcs_sage\packaging\dist\QCS\_internal\pytz\zoneinfo\Atlantic\Madeira
   Compressing: C:\Users\LAMB\Desktop\qcs_sage\packaging\dist\QCS\_internal\pytz\zoneinfo\Atlantic\Reykjavik
   Compressing: C:\Users\LAMB\Desktop\qcs_sage\packaging\dist\QCS\_internal\pytz\zoneinfo\Atlantic\South_Georgia
   Compressing: C:\Users\LAMB\Desktop\qcs_sage\packaging\dist\QCS\_internal\pytz\zoneinfo\Atlantic\Stanley
   Compressing: C:\Users\LAMB\Desktop\qcs_sage\packaging\dist\QCS\_internal\pytz\zoneinfo\Atlantic\St_Helena
   Compressing: C:\Users\LAMB\Desktop\qcs_sage\packaging\dist\QCS\_internal\pytz\zoneinfo\Australia\ACT
   Compressing: C:\Users\LAMB\Desktop\qcs_sage\packaging\dist\QCS\_internal\pytz\zoneinfo\Australia\Adelaide
   Compressing: C:\Users\LAMB\Desktop\qcs_sage\packaging\dist\QCS\_internal\pytz\zoneinfo\Australia\Brisbane
   Compressing: C:\Users\LAMB\Desktop\qcs_sage\packaging\dist\QCS\_internal\pytz\zoneinfo\Australia\Broken_Hill
   Compressing: C:\Users\LAMB\Desktop\qcs_sage\packaging\dist\QCS\_internal\pytz\zoneinfo\Australia\Canberra
   Compressing: C:\Users\LAMB\Desktop\qcs_sage\packaging\dist\QCS\_internal\pytz\zoneinfo\Australia\Currie
   Compressing: C:\Users\LAMB\Desktop\qcs_sage\packaging\dist\QCS\_internal\pytz\zoneinfo\Australia\Darwin
   Compressing: C:\Users\LAMB\Desktop\qcs_sage\packaging\dist\QCS\_internal\pytz\zoneinfo\Australia\Eucla
   Compressing: C:\Users\LAMB\Desktop\qcs_sage\packaging\dist\QCS\_internal\pytz\zoneinfo\Australia\Hobart
   Compressing: C:\Users\LAMB\Desktop\qcs_sage\packaging\dist\QCS\_internal\pytz\zoneinfo\Australia\LHI
   Compressing: C:\Users\LAMB\Desktop\qcs_sage\packaging\dist\QCS\_internal\pytz\zoneinfo\Australia\Lindeman
   Compressing: C:\Users\LAMB\Desktop\qcs_sage\packaging\dist\QCS\_internal\pytz\zoneinfo\Australia\Lord_Howe
   Compressing: C:\Users\LAMB\Desktop\qcs_sage\packaging\dist\QCS\_internal\pytz\zoneinfo\Australia\Melbourne
   Compressing: C:\Users\LAMB\Desktop\qcs_sage\packaging\dist\QCS\_internal\pytz\zoneinfo\Australia\North
   Compressing: C:\Users\LAMB\Desktop\qcs_sage\packaging\dist\QCS\_internal\pytz\zoneinfo\Australia\NSW
   Compressing: C:\Users\LAMB\Desktop\qcs_sage\packaging\dist\QCS\_internal\pytz\zoneinfo\Australia\Perth
   Compressing: C:\Users\LAMB\Desktop\qcs_sage\packaging\dist\QCS\_internal\pytz\zoneinfo\Australia\Queensland
   Compressing: C:\Users\LAMB\Desktop\qcs_sage\packaging\dist\QCS\_internal\pytz\zoneinfo\Australia\South
   Compressing: C:\Users\LAMB\Desktop\qcs_sage\packaging\dist\QCS\_internal\pytz\zoneinfo\Australia\Sydney
   Compressing: C:\Users\LAMB\Desktop\qcs_sage\packaging\dist\QCS\_internal\pytz\zoneinfo\Australia\Tasmania
   Compressing: C:\Users\LAMB\Desktop\qcs_sage\packaging\dist\QCS\_internal\pytz\zoneinfo\Australia\Victoria
   Compressing: C:\Users\LAMB\Desktop\qcs_sage\packaging\dist\QCS\_internal\pytz\zoneinfo\Australia\West
   Compressing: C:\Users\LAMB\Desktop\qcs_sage\packaging\dist\QCS\_internal\pytz\zoneinfo\Australia\Yancowinna
   Compressing: C:\Users\LAMB\Desktop\qcs_sage\packaging\dist\QCS\_internal\pytz\zoneinfo\Brazil\Acre
   Compressing: C:\Users\LAMB\Desktop\qcs_sage\packaging\dist\QCS\_internal\pytz\zoneinfo\Brazil\DeNoronha
   Compressing: C:\Users\LAMB\Desktop\qcs_sage\packaging\dist\QCS\_internal\pytz\zoneinfo\Brazil\East
   Compressing: C:\Users\LAMB\Desktop\qcs_sage\packaging\dist\QCS\_internal\pytz\zoneinfo\Brazil\West
   Compressing: C:\Users\LAMB\Desktop\qcs_sage\packaging\dist\QCS\_internal\pytz\zoneinfo\Canada\Atlantic
   Compressing: C:\Users\LAMB\Desktop\qcs_sage\packaging\dist\QCS\_internal\pytz\zoneinfo\Canada\Central
   Compressing: C:\Users\LAMB\Desktop\qcs_sage\packaging\dist\QCS\_internal\pytz\zoneinfo\Canada\Eastern
   Compressing: C:\Users\LAMB\Desktop\qcs_sage\packaging\dist\QCS\_internal\pytz\zoneinfo\Canada\Mountain
   Compressing: C:\Users\LAMB\Desktop\qcs_sage\packaging\dist\QCS\_internal\pytz\zoneinfo\Canada\Newfoundland
   Compressing: C:\Users\LAMB\Desktop\qcs_sage\packaging\dist\QCS\_internal\pytz\zoneinfo\Canada\Pacific
   Compressing: C:\Users\LAMB\Desktop\qcs_sage\packaging\dist\QCS\_internal\pytz\zoneinfo\Canada\Saskatchewan
   Compressing: C:\Users\LAMB\Desktop\qcs_sage\packaging\dist\QCS\_internal\pytz\zoneinfo\Canada\Yukon
   Compressing: C:\Users\LAMB\Desktop\qcs_sage\packaging\dist\QCS\_internal\pytz\zoneinfo\Chile\Continental
   Compressing: C:\Users\LAMB\Desktop\qcs_sage\packaging\dist\QCS\_internal\pytz\zoneinfo\Chile\EasterIsland
   Compressing: C:\Users\LAMB\Desktop\qcs_sage\packaging\dist\QCS\_internal\pytz\zoneinfo\Etc\GMT
   Compressing: C:\Users\LAMB\Desktop\qcs_sage\packaging\dist\QCS\_internal\pytz\zoneinfo\Etc\GMT+0
   Compressing: C:\Users\LAMB\Desktop\qcs_sage\packaging\dist\QCS\_internal\pytz\zoneinfo\Etc\GMT+1
   Compressing: C:\Users\LAMB\Desktop\qcs_sage\packaging\dist\QCS\_internal\pytz\zoneinfo\Etc\GMT+10
   Compressing: C:\Users\LAMB\Desktop\qcs_sage\packaging\dist\QCS\_internal\pytz\zoneinfo\Etc\GMT+11
   Compressing: C:\Users\LAMB\Desktop\qcs_sage\packaging\dist\QCS\_internal\pytz\zoneinfo\Etc\GMT+12
   Compressing: C:\Users\LAMB\Desktop\qcs_sage\packaging\dist\QCS\_internal\pytz\zoneinfo\Etc\GMT+2
   Compressing: C:\Users\LAMB\Desktop\qcs_sage\packaging\dist\QCS\_internal\pytz\zoneinfo\Etc\GMT+3
   Compressing: C:\Users\LAMB\Desktop\qcs_sage\packaging\dist\QCS\_internal\pytz\zoneinfo\Etc\GMT+4
   Compressing: C:\Users\LAMB\Desktop\qcs_sage\packaging\dist\QCS\_internal\pytz\zoneinfo\Etc\GMT+5
   Compressing: C:\Users\LAMB\Desktop\qcs_sage\packaging\dist\QCS\_internal\pytz\zoneinfo\Etc\GMT+6
   Compressing: C:\Users\LAMB\Desktop\qcs_sage\packaging\dist\QCS\_internal\pytz\zoneinfo\Etc\GMT+7
   Compressing: C:\Users\LAMB\Desktop\qcs_sage\packaging\dist\QCS\_internal\pytz\zoneinfo\Etc\GMT+8
   Compressing: C:\Users\LAMB\Desktop\qcs_sage\packaging\dist\QCS\_internal\pytz\zoneinfo\Etc\GMT+9
   Compressing: C:\Users\LAMB\Desktop\qcs_sage\packaging\dist\QCS\_internal\pytz\zoneinfo\Etc\GMT-0
   Compressing: C:\Users\LAMB\Desktop\qcs_sage\packaging\dist\QCS\_internal\pytz\zoneinfo\Etc\GMT-1
   Compressing: C:\Users\LAMB\Desktop\qcs_sage\packaging\dist\QCS\_internal\pytz\zoneinfo\Etc\GMT-10
   Compressing: C:\Users\LAMB\Desktop\qcs_sage\packaging\dist\QCS\_internal\pytz\zoneinfo\Etc\GMT-11
   Compressing: C:\Users\LAMB\Desktop\qcs_sage\packaging\dist\QCS\_internal\pytz\zoneinfo\Etc\GMT-12
   Compressing: C:\Users\LAMB\Desktop\qcs_sage\packaging\dist\QCS\_internal\pytz\zoneinfo\Etc\GMT-13
   Compressing: C:\Users\LAMB\Desktop\qcs_sage\packaging\dist\QCS\_internal\pytz\zoneinfo\Etc\GMT-14
   Compressing: C:\Users\LAMB\Desktop\qcs_sage\packaging\dist\QCS\_internal\pytz\zoneinfo\Etc\GMT-2
   Compressing: C:\Users\LAMB\Desktop\qcs_sage\packaging\dist\QCS\_internal\pytz\zoneinfo\Etc\GMT-3
   Compressing: C:\Users\LAMB\Desktop\qcs_sage\packaging\dist\QCS\_internal\pytz\zoneinfo\Etc\GMT-4
   Compressing: C:\Users\LAMB\Desktop\qcs_sage\packaging\dist\QCS\_internal\pytz\zoneinfo\Etc\GMT-5
   Compressing: C:\Users\LAMB\Desktop\qcs_sage\packaging\dist\QCS\_internal\pytz\zoneinfo\Etc\GMT-6
   Compressing: C:\Users\LAMB\Desktop\qcs_sage\packaging\dist\QCS\_internal\pytz\zoneinfo\Etc\GMT-7
   Compressing: C:\Users\LAMB\Desktop\qcs_sage\packaging\dist\QCS\_internal\pytz\zoneinfo\Etc\GMT-8
   Compressing: C:\Users\LAMB\Desktop\qcs_sage\packaging\dist\QCS\_internal\pytz\zoneinfo\Etc\GMT-9
   Compressing: C:\Users\LAMB\Desktop\qcs_sage\packaging\dist\QCS\_internal\pytz\zoneinfo\Etc\GMT0
   Compressing: C:\Users\LAMB\Desktop\qcs_sage\packaging\dist\QCS\_internal\pytz\zoneinfo\Etc\Greenwich
   Compressing: C:\Users\LAMB\Desktop\qcs_sage\packaging\dist\QCS\_internal\pytz\zoneinfo\Etc\UCT
   Compressing: C:\Users\LAMB\Desktop\qcs_sage\packaging\dist\QCS\_internal\pytz\zoneinfo\Etc\Universal
   Compressing: C:\Users\LAMB\Desktop\qcs_sage\packaging\dist\QCS\_internal\pytz\zoneinfo\Etc\UTC
   Compressing: C:\Users\LAMB\Desktop\qcs_sage\packaging\dist\QCS\_internal\pytz\zoneinfo\Etc\Zulu
   Compressing: C:\Users\LAMB\Desktop\qcs_sage\packaging\dist\QCS\_internal\pytz\zoneinfo\Europe\Amsterdam
   Compressing: C:\Users\LAMB\Desktop\qcs_sage\packaging\dist\QCS\_internal\pytz\zoneinfo\Europe\Andorra
   Compressing: C:\Users\LAMB\Desktop\qcs_sage\packaging\dist\QCS\_internal\pytz\zoneinfo\Europe\Astrakhan
   Compressing: C:\Users\LAMB\Desktop\qcs_sage\packaging\dist\QCS\_internal\pytz\zoneinfo\Europe\Athens
   Compressing: C:\Users\LAMB\Desktop\qcs_sage\packaging\dist\QCS\_internal\pytz\zoneinfo\Europe\Belfast
   Compressing: C:\Users\LAMB\Desktop\qcs_sage\packaging\dist\QCS\_internal\pytz\zoneinfo\Europe\Belgrade
   Compressing: C:\Users\LAMB\Desktop\qcs_sage\packaging\dist\QCS\_internal\pytz\zoneinfo\Europe\Berlin
   Compressing: C:\Users\LAMB\Desktop\qcs_sage\packaging\dist\QCS\_internal\pytz\zoneinfo\Europe\Bratislava
   Compressing: C:\Users\LAMB\Desktop\qcs_sage\packaging\dist\QCS\_internal\pytz\zoneinfo\Europe\Brussels
   Compressing: C:\Users\LAMB\Desktop\qcs_sage\packaging\dist\QCS\_internal\pytz\zoneinfo\Europe\Bucharest
   Compressing: C:\Users\LAMB\Desktop\qcs_sage\packaging\dist\QCS\_internal\pytz\zoneinfo\Europe\Budapest
   Compressing: C:\Users\LAMB\Desktop\qcs_sage\packaging\dist\QCS\_internal\pytz\zoneinfo\Europe\Busingen
   Compressing: C:\Users\LAMB\Desktop\qcs_sage\packaging\dist\QCS\_internal\pytz\zoneinfo\Europe\Chisinau
   Compressing: C:\Users\LAMB\Desktop\qcs_sage\packaging\dist\QCS\_internal\pytz\zoneinfo\Europe\Copenhagen
   Compressing: C:\Users\LAMB\Desktop\qcs_sage\packaging\dist\QCS\_internal\pytz\zoneinfo\Europe\Dublin
   Compressing: C:\Users\LAMB\Desktop\qcs_sage\packaging\dist\QCS\_internal\pytz\zoneinfo\Europe\Gibraltar
   Compressing: C:\Users\LAMB\Desktop\qcs_sage\packaging\dist\QCS\_internal\pytz\zoneinfo\Europe\Guernsey
   Compressing: C:\Users\LAMB\Desktop\qcs_sage\packaging\dist\QCS\_internal\pytz\zoneinfo\Europe\Helsinki
   Compressing: C:\Users\LAMB\Desktop\qcs_sage\packaging\dist\QCS\_internal\pytz\zoneinfo\Europe\Isle_of_Man
   Compressing: C:\Users\LAMB\Desktop\qcs_sage\packaging\dist\QCS\_internal\pytz\zoneinfo\Europe\Istanbul
   Compressing: C:\Users\LAMB\Desktop\qcs_sage\packaging\dist\QCS\_internal\pytz\zoneinfo\Europe\Jersey
   Compressing: C:\Users\LAMB\Desktop\qcs_sage\packaging\dist\QCS\_internal\pytz\zoneinfo\Europe\Kaliningrad
   Compressing: C:\Users\LAMB\Desktop\qcs_sage\packaging\dist\QCS\_internal\pytz\zoneinfo\Europe\Kiev
   Compressing: C:\Users\LAMB\Desktop\qcs_sage\packaging\dist\QCS\_internal\pytz\zoneinfo\Europe\Kirov
   Compressing: C:\Users\LAMB\Desktop\qcs_sage\packaging\dist\QCS\_internal\pytz\zoneinfo\Europe\Kyiv
   Compressing: C:\Users\LAMB\Desktop\qcs_sage\packaging\dist\QCS\_internal\pytz\zoneinfo\Europe\Lisbon
   Compressing: C:\Users\LAMB\Desktop\qcs_sage\packaging\dist\QCS\_internal\pytz\zoneinfo\Europe\Ljubljana
   Compressing: C:\Users\LAMB\Desktop\qcs_sage\packaging\dist\QCS\_internal\pytz\zoneinfo\Europe\London
   Compressing: C:\Users\LAMB\Desktop\qcs_sage\packaging\dist\QCS\_internal\pytz\zoneinfo\Europe\Luxembourg
   Compressing: C:\Users\LAMB\Desktop\qcs_sage\packaging\dist\QCS\_internal\pytz\zoneinfo\Europe\Madrid
   Compressing: C:\Users\LAMB\Desktop\qcs_sage\packaging\dist\QCS\_internal\pytz\zoneinfo\Europe\Malta
   Compressing: C:\Users\LAMB\Desktop\qcs_sage\packaging\dist\QCS\_internal\pytz\zoneinfo\Europe\Mariehamn
   Compressing: C:\Users\LAMB\Desktop\qcs_sage\packaging\dist\QCS\_internal\pytz\zoneinfo\Europe\Minsk
   Compressing: C:\Users\LAMB\Desktop\qcs_sage\packaging\dist\QCS\_internal\pytz\zoneinfo\Europe\Monaco
   Compressing: C:\Users\LAMB\Desktop\qcs_sage\packaging\dist\QCS\_internal\pytz\zoneinfo\Europe\Moscow
   Compressing: C:\Users\LAMB\Desktop\qcs_sage\packaging\dist\QCS\_internal\pytz\zoneinfo\Europe\Nicosia
   Compressing: C:\Users\LAMB\Desktop\qcs_sage\packaging\dist\QCS\_internal\pytz\zoneinfo\Europe\Oslo
   Compressing: C:\Users\LAMB\Desktop\qcs_sage\packaging\dist\QCS\_internal\pytz\zoneinfo\Europe\Paris
   Compressing: C:\Users\LAMB\Desktop\qcs_sage\packaging\dist\QCS\_internal\pytz\zoneinfo\Europe\Podgorica
   Compressing: C:\Users\LAMB\Desktop\qcs_sage\packaging\dist\QCS\_internal\pytz\zoneinfo\Europe\Prague
   Compressing: C:\Users\LAMB\Desktop\qcs_sage\packaging\dist\QCS\_internal\pytz\zoneinfo\Europe\Riga
   Compressing: C:\Users\LAMB\Desktop\qcs_sage\packaging\dist\QCS\_internal\pytz\zoneinfo\Europe\Rome
   Compressing: C:\Users\LAMB\Desktop\qcs_sage\packaging\dist\QCS\_internal\pytz\zoneinfo\Europe\Samara
   Compressing: C:\Users\LAMB\Desktop\qcs_sage\packaging\dist\QCS\_internal\pytz\zoneinfo\Europe\San_Marino
   Compressing: C:\Users\LAMB\Desktop\qcs_sage\packaging\dist\QCS\_internal\pytz\zoneinfo\Europe\Sarajevo
   Compressing: C:\Users\LAMB\Desktop\qcs_sage\packaging\dist\QCS\_internal\pytz\zoneinfo\Europe\Saratov
   Compressing: C:\Users\LAMB\Desktop\qcs_sage\packaging\dist\QCS\_internal\pytz\zoneinfo\Europe\Simferopol
   Compressing: C:\Users\LAMB\Desktop\qcs_sage\packaging\dist\QCS\_internal\pytz\zoneinfo\Europe\Skopje
   Compressing: C:\Users\LAMB\Desktop\qcs_sage\packaging\dist\QCS\_internal\pytz\zoneinfo\Europe\Sofia
   Compressing: C:\Users\LAMB\Desktop\qcs_sage\packaging\dist\QCS\_internal\pytz\zoneinfo\Europe\Stockholm
   Compressing: C:\Users\LAMB\Desktop\qcs_sage\packaging\dist\QCS\_internal\pytz\zoneinfo\Europe\Tallinn
   Compressing: C:\Users\LAMB\Desktop\qcs_sage\packaging\dist\QCS\_internal\pytz\zoneinfo\Europe\Tirane
   Compressing: C:\Users\LAMB\Desktop\qcs_sage\packaging\dist\QCS\_internal\pytz\zoneinfo\Europe\Tiraspol
   Compressing: C:\Users\LAMB\Desktop\qcs_sage\packaging\dist\QCS\_internal\pytz\zoneinfo\Europe\Ulyanovsk
   Compressing: C:\Users\LAMB\Desktop\qcs_sage\packaging\dist\QCS\_internal\pytz\zoneinfo\Europe\Uzhgorod
   Compressing: C:\Users\LAMB\Desktop\qcs_sage\packaging\dist\QCS\_internal\pytz\zoneinfo\Europe\Vaduz
   Compressing: C:\Users\LAMB\Desktop\qcs_sage\packaging\dist\QCS\_internal\pytz\zoneinfo\Europe\Vatican
   Compressing: C:\Users\LAMB\Desktop\qcs_sage\packaging\dist\QCS\_internal\pytz\zoneinfo\Europe\Vienna
   Compressing: C:\Users\LAMB\Desktop\qcs_sage\packaging\dist\QCS\_internal\pytz\zoneinfo\Europe\Vilnius
   Compressing: C:\Users\LAMB\Desktop\qcs_sage\packaging\dist\QCS\_internal\pytz\zoneinfo\Europe\Volgograd
   Compressing: C:\Users\LAMB\Desktop\qcs_sage\packaging\dist\QCS\_internal\pytz\zoneinfo\Europe\Warsaw
   Compressing: C:\Users\LAMB\Desktop\qcs_sage\packaging\dist\QCS\_internal\pytz\zoneinfo\Europe\Zagreb
   Compressing: C:\Users\LAMB\Desktop\qcs_sage\packaging\dist\QCS\_internal\pytz\zoneinfo\Europe\Zaporozhye
   Compressing: C:\Users\LAMB\Desktop\qcs_sage\packaging\dist\QCS\_internal\pytz\zoneinfo\Europe\Zurich
   Compressing: C:\Users\LAMB\Desktop\qcs_sage\packaging\dist\QCS\_internal\pytz\zoneinfo\Indian\Antananarivo
   Compressing: C:\Users\LAMB\Desktop\qcs_sage\packaging\dist\QCS\_internal\pytz\zoneinfo\Indian\Chagos
   Compressing: C:\Users\LAMB\Desktop\qcs_sage\packaging\dist\QCS\_internal\pytz\zoneinfo\Indian\Christmas
   Compressing: C:\Users\LAMB\Desktop\qcs_sage\packaging\dist\QCS\_internal\pytz\zoneinfo\Indian\Cocos
   Compressing: C:\Users\LAMB\Desktop\qcs_sage\packaging\dist\QCS\_internal\pytz\zoneinfo\Indian\Comoro
   Compressing: C:\Users\LAMB\Desktop\qcs_sage\packaging\dist\QCS\_internal\pytz\zoneinfo\Indian\Kerguelen
   Compressing: C:\Users\LAMB\Desktop\qcs_sage\packaging\dist\QCS\_internal\pytz\zoneinfo\Indian\Mahe
   Compressing: C:\Users\LAMB\Desktop\qcs_sage\packaging\dist\QCS\_internal\pytz\zoneinfo\Indian\Maldives
   Compressing: C:\Users\LAMB\Desktop\qcs_sage\packaging\dist\QCS\_internal\pytz\zoneinfo\Indian\Mauritius
   Compressing: C:\Users\LAMB\Desktop\qcs_sage\packaging\dist\QCS\_internal\pytz\zoneinfo\Indian\Mayotte
   Compressing: C:\Users\LAMB\Desktop\qcs_sage\packaging\dist\QCS\_internal\pytz\zoneinfo\Indian\Reunion
   Compressing: C:\Users\LAMB\Desktop\qcs_sage\packaging\dist\QCS\_internal\pytz\zoneinfo\Mexico\BajaNorte
   Compressing: C:\Users\LAMB\Desktop\qcs_sage\packaging\dist\QCS\_internal\pytz\zoneinfo\Mexico\BajaSur
   Compressing: C:\Users\LAMB\Desktop\qcs_sage\packaging\dist\QCS\_internal\pytz\zoneinfo\Mexico\General
   Compressing: C:\Users\LAMB\Desktop\qcs_sage\packaging\dist\QCS\_internal\pytz\zoneinfo\Pacific\Apia
   Compressing: C:\Users\LAMB\Desktop\qcs_sage\packaging\dist\QCS\_internal\pytz\zoneinfo\Pacific\Auckland
   Compressing: C:\Users\LAMB\Desktop\qcs_sage\packaging\dist\QCS\_internal\pytz\zoneinfo\Pacific\Bougainville
   Compressing: C:\Users\LAMB\Desktop\qcs_sage\packaging\dist\QCS\_internal\pytz\zoneinfo\Pacific\Chatham
   Compressing: C:\Users\LAMB\Desktop\qcs_sage\packaging\dist\QCS\_internal\pytz\zoneinfo\Pacific\Chuuk
   Compressing: C:\Users\LAMB\Desktop\qcs_sage\packaging\dist\QCS\_internal\pytz\zoneinfo\Pacific\Easter
   Compressing: C:\Users\LAMB\Desktop\qcs_sage\packaging\dist\QCS\_internal\pytz\zoneinfo\Pacific\Efate
   Compressing: C:\Users\LAMB\Desktop\qcs_sage\packaging\dist\QCS\_internal\pytz\zoneinfo\Pacific\Enderbury
   Compressing: C:\Users\LAMB\Desktop\qcs_sage\packaging\dist\QCS\_internal\pytz\zoneinfo\Pacific\Fakaofo
   Compressing: C:\Users\LAMB\Desktop\qcs_sage\packaging\dist\QCS\_internal\pytz\zoneinfo\Pacific\Fiji
   Compressing: C:\Users\LAMB\Desktop\qcs_sage\packaging\dist\QCS\_internal\pytz\zoneinfo\Pacific\Funafuti
   Compressing: C:\Users\LAMB\Desktop\qcs_sage\packaging\dist\QCS\_internal\pytz\zoneinfo\Pacific\Galapagos
   Compressing: C:\Users\LAMB\Desktop\qcs_sage\packaging\dist\QCS\_internal\pytz\zoneinfo\Pacific\Gambier
   Compressing: C:\Users\LAMB\Desktop\qcs_sage\packaging\dist\QCS\_internal\pytz\zoneinfo\Pacific\Guadalcanal
   Compressing: C:\Users\LAMB\Desktop\qcs_sage\packaging\dist\QCS\_internal\pytz\zoneinfo\Pacific\Guam
   Compressing: C:\Users\LAMB\Desktop\qcs_sage\packaging\dist\QCS\_internal\pytz\zoneinfo\Pacific\Honolulu
   Compressing: C:\Users\LAMB\Desktop\qcs_sage\packaging\dist\QCS\_internal\pytz\zoneinfo\Pacific\Johnston
   Compressing: C:\Users\LAMB\Desktop\qcs_sage\packaging\dist\QCS\_internal\pytz\zoneinfo\Pacific\Kanton
   Compressing: C:\Users\LAMB\Desktop\qcs_sage\packaging\dist\QCS\_internal\pytz\zoneinfo\Pacific\Kiritimati
   Compressing: C:\Users\LAMB\Desktop\qcs_sage\packaging\dist\QCS\_internal\pytz\zoneinfo\Pacific\Kosrae
   Compressing: C:\Users\LAMB\Desktop\qcs_sage\packaging\dist\QCS\_internal\pytz\zoneinfo\Pacific\Kwajalein
   Compressing: C:\Users\LAMB\Desktop\qcs_sage\packaging\dist\QCS\_internal\pytz\zoneinfo\Pacific\Majuro
   Compressing: C:\Users\LAMB\Desktop\qcs_sage\packaging\dist\QCS\_internal\pytz\zoneinfo\Pacific\Marquesas
   Compressing: C:\Users\LAMB\Desktop\qcs_sage\packaging\dist\QCS\_internal\pytz\zoneinfo\Pacific\Midway
   Compressing: C:\Users\LAMB\Desktop\qcs_sage\packaging\dist\QCS\_internal\pytz\zoneinfo\Pacific\Nauru
   Compressing: C:\Users\LAMB\Desktop\qcs_sage\packaging\dist\QCS\_internal\pytz\zoneinfo\Pacific\Niue
   Compressing: C:\Users\LAMB\Desktop\qcs_sage\packaging\dist\QCS\_internal\pytz\zoneinfo\Pacific\Norfolk
   Compressing: C:\Users\LAMB\Desktop\qcs_sage\packaging\dist\QCS\_internal\pytz\zoneinfo\Pacific\Noumea
   Compressing: C:\Users\LAMB\Desktop\qcs_sage\packaging\dist\QCS\_internal\pytz\zoneinfo\Pacific\Pago_Pago
   Compressing: C:\Users\LAMB\Desktop\qcs_sage\packaging\dist\QCS\_internal\pytz\zoneinfo\Pacific\Palau
   Compressing: C:\Users\LAMB\Desktop\qcs_sage\packaging\dist\QCS\_internal\pytz\zoneinfo\Pacific\Pitcairn
   Compressing: C:\Users\LAMB\Desktop\qcs_sage\packaging\dist\QCS\_internal\pytz\zoneinfo\Pacific\Pohnpei
   Compressing: C:\Users\LAMB\Desktop\qcs_sage\packaging\dist\QCS\_internal\pytz\zoneinfo\Pacific\Ponape
   Compressing: C:\Users\LAMB\Desktop\qcs_sage\packaging\dist\QCS\_internal\pytz\zoneinfo\Pacific\Port_Moresby
   Compressing: C:\Users\LAMB\Desktop\qcs_sage\packaging\dist\QCS\_internal\pytz\zoneinfo\Pacific\Rarotonga
   Compressing: C:\Users\LAMB\Desktop\qcs_sage\packaging\dist\QCS\_internal\pytz\zoneinfo\Pacific\Saipan
   Compressing: C:\Users\LAMB\Desktop\qcs_sage\packaging\dist\QCS\_internal\pytz\zoneinfo\Pacific\Samoa
   Compressing: C:\Users\LAMB\Desktop\qcs_sage\packaging\dist\QCS\_internal\pytz\zoneinfo\Pacific\Tahiti
   Compressing: C:\Users\LAMB\Desktop\qcs_sage\packaging\dist\QCS\_internal\pytz\zoneinfo\Pacific\Tarawa
   Compressing: C:\Users\LAMB\Desktop\qcs_sage\packaging\dist\QCS\_internal\pytz\zoneinfo\Pacific\Tongatapu
   Compressing: C:\Users\LAMB\Desktop\qcs_sage\packaging\dist\QCS\_internal\pytz\zoneinfo\Pacific\Truk
   Compressing: C:\Users\LAMB\Desktop\qcs_sage\packaging\dist\QCS\_internal\pytz\zoneinfo\Pacific\Wake
   Compressing: C:\Users\LAMB\Desktop\qcs_sage\packaging\dist\QCS\_internal\pytz\zoneinfo\Pacific\Wallis
   Compressing: C:\Users\LAMB\Desktop\qcs_sage\packaging\dist\QCS\_internal\pytz\zoneinfo\Pacific\Yap
   Compressing: C:\Users\LAMB\Desktop\qcs_sage\packaging\dist\QCS\_internal\pytz\zoneinfo\US\Alaska
   Compressing: C:\Users\LAMB\Desktop\qcs_sage\packaging\dist\QCS\_internal\pytz\zoneinfo\US\Aleutian
   Compressing: C:\Users\LAMB\Desktop\qcs_sage\packaging\dist\QCS\_internal\pytz\zoneinfo\US\Arizona
   Compressing: C:\Users\LAMB\Desktop\qcs_sage\packaging\dist\QCS\_internal\pytz\zoneinfo\US\Central
   Compressing: C:\Users\LAMB\Desktop\qcs_sage\packaging\dist\QCS\_internal\pytz\zoneinfo\US\East-Indiana
   Compressing: C:\Users\LAMB\Desktop\qcs_sage\packaging\dist\QCS\_internal\pytz\zoneinfo\US\Eastern
   Compressing: C:\Users\LAMB\Desktop\qcs_sage\packaging\dist\QCS\_internal\pytz\zoneinfo\US\Hawaii
   Compressing: C:\Users\LAMB\Desktop\qcs_sage\packaging\dist\QCS\_internal\pytz\zoneinfo\US\Indiana-Starke
   Compressing: C:\Users\LAMB\Desktop\qcs_sage\packaging\dist\QCS\_internal\pytz\zoneinfo\US\Michigan
   Compressing: C:\Users\LAMB\Desktop\qcs_sage\packaging\dist\QCS\_internal\pytz\zoneinfo\US\Mountain
   Compressing: C:\Users\LAMB\Desktop\qcs_sage\packaging\dist\QCS\_internal\pytz\zoneinfo\US\Pacific
   Compressing: C:\Users\LAMB\Desktop\qcs_sage\packaging\dist\QCS\_internal\pytz\zoneinfo\US\Samoa
   Compressing: C:\Users\LAMB\Desktop\qcs_sage\packaging\dist\QCS\_internal\scipy\fft\_pocketfft\pypocketfft.cp313-win_amd64.pyd
   Compressing: C:\Users\LAMB\Desktop\qcs_sage\packaging\dist\QCS\_internal\scipy\integrate\_dop.cp313-win_amd64.pyd
   Compressing: C:\Users\LAMB\Desktop\qcs_sage\packaging\dist\QCS\_internal\scipy\integrate\_lsoda.cp313-win_amd64.pyd
   Compressing: C:\Users\LAMB\Desktop\qcs_sage\packaging\dist\QCS\_internal\scipy\integrate\_odepack.cp313-win_amd64.pyd
   Compressing: C:\Users\LAMB\Desktop\qcs_sage\packaging\dist\QCS\_internal\scipy\integrate\_quadpack.cp313-win_amd64.pyd
   Compressing: C:\Users\LAMB\Desktop\qcs_sage\packaging\dist\QCS\_internal\scipy\integrate\_vode.cp313-win_amd64.pyd
   Compressing: C:\Users\LAMB\Desktop\qcs_sage\packaging\dist\QCS\_internal\scipy\interpolate\_bspl.cp313-win_amd64.pyd
   Compressing: C:\Users\LAMB\Desktop\qcs_sage\packaging\dist\QCS\_internal\scipy\interpolate\_dfitpack.cp313-win_amd64.pyd
   Compressing: C:\Users\LAMB\Desktop\qcs_sage\packaging\dist\QCS\_internal\scipy\interpolate\_dierckx.cp313-win_amd64.pyd
   Compressing: C:\Users\LAMB\Desktop\qcs_sage\packaging\dist\QCS\_internal\scipy\interpolate\_fitpack.cp313-win_amd64.pyd
   Compressing: C:\Users\LAMB\Desktop\qcs_sage\packaging\dist\QCS\_internal\scipy\interpolate\_interpnd.cp313-win_amd64.pyd
   Compressing: C:\Users\LAMB\Desktop\qcs_sage\packaging\dist\QCS\_internal\scipy\interpolate\_ppoly.cp313-win_amd64.pyd
   Compressing: C:\Users\LAMB\Desktop\qcs_sage\packaging\dist\QCS\_internal\scipy\interpolate\_rbfinterp_pythran.cp313-win_amd64.pyd
   Compressing: C:\Users\LAMB\Desktop\qcs_sage\packaging\dist\QCS\_internal\scipy\interpolate\_rgi_cython.cp313-win_amd64.pyd
   Compressing: C:\Users\LAMB\Desktop\qcs_sage\packaging\dist\QCS\_internal\scipy\linalg\cython_blas.cp313-win_amd64.pyd
   Compressing: C:\Users\LAMB\Desktop\qcs_sage\packaging\dist\QCS\_internal\scipy\linalg\cython_lapack.cp313-win_amd64.pyd
   Compressing: C:\Users\LAMB\Desktop\qcs_sage\packaging\dist\QCS\_internal\scipy\linalg\_cythonized_array_utils.cp313-win_amd64.pyd
   Compressing: C:\Users\LAMB\Desktop\qcs_sage\packaging\dist\QCS\_internal\scipy\linalg\_decomp_interpolative.cp313-win_amd64.pyd
   Compressing: C:\Users\LAMB\Desktop\qcs_sage\packaging\dist\QCS\_internal\scipy\linalg\_decomp_lu_cython.cp313-win_amd64.pyd
   Compressing: C:\Users\LAMB\Desktop\qcs_sage\packaging\dist\QCS\_internal\scipy\linalg\_decomp_update.cp313-win_amd64.pyd
   Compressing: C:\Users\LAMB\Desktop\qcs_sage\packaging\dist\QCS\_internal\scipy\linalg\_fblas.cp313-win_amd64.pyd
   Compressing: C:\Users\LAMB\Desktop\qcs_sage\packaging\dist\QCS\_internal\scipy\linalg\_flapack.cp313-win_amd64.pyd
   Compressing: C:\Users\LAMB\Desktop\qcs_sage\packaging\dist\QCS\_internal\scipy\linalg\_linalg_pythran.cp313-win_amd64.pyd
   Compressing: C:\Users\LAMB\Desktop\qcs_sage\packaging\dist\QCS\_internal\scipy\linalg\_matfuncs_expm.cp313-win_amd64.pyd
   Compressing: C:\Users\LAMB\Desktop\qcs_sage\packaging\dist\QCS\_internal\scipy\linalg\_matfuncs_sqrtm_triu.cp313-win_amd64.pyd
   Compressing: C:\Users\LAMB\Desktop\qcs_sage\packaging\dist\QCS\_internal\scipy\linalg\_solve_toeplitz.cp313-win_amd64.pyd
   Compressing: C:\Users\LAMB\Desktop\qcs_sage\packaging\dist\QCS\_internal\scipy\ndimage\_nd_image.cp313-win_amd64.pyd
   Compressing: C:\Users\LAMB\Desktop\qcs_sage\packaging\dist\QCS\_internal\scipy\ndimage\_ni_label.cp313-win_amd64.pyd
   Compressing: C:\Users\LAMB\Desktop\qcs_sage\packaging\dist\QCS\_internal\scipy\ndimage\_rank_filter_1d.cp313-win_amd64.pyd
   Compressing: C:\Users\LAMB\Desktop\qcs_sage\packaging\dist\QCS\_internal\scipy\optimize\_bglu_dense.cp313-win_amd64.pyd
   Compressing: C:\Users\LAMB\Desktop\qcs_sage\packaging\dist\QCS\_internal\scipy\optimize\_cobyla.cp313-win_amd64.pyd
   Compressing: C:\Users\LAMB\Desktop\qcs_sage\packaging\dist\QCS\_internal\scipy\optimize\_cython_nnls.cp313-win_amd64.pyd
   Compressing: C:\Users\LAMB\Desktop\qcs_sage\packaging\dist\QCS\_internal\scipy\optimize\_direct.cp313-win_amd64.pyd
   Compressing: C:\Users\LAMB\Desktop\qcs_sage\packaging\dist\QCS\_internal\scipy\optimize\_group_columns.cp313-win_amd64.pyd
   Compressing: C:\Users\LAMB\Desktop\qcs_sage\packaging\dist\QCS\_internal\scipy\optimize\_lbfgsb.cp313-win_amd64.pyd
   Compressing: C:\Users\LAMB\Desktop\qcs_sage\packaging\dist\QCS\_internal\scipy\optimize\_lsap.cp313-win_amd64.pyd
   Compressing: C:\Users\LAMB\Desktop\qcs_sage\packaging\dist\QCS\_internal\scipy\optimize\_minpack.cp313-win_amd64.pyd
   Compressing: C:\Users\LAMB\Desktop\qcs_sage\packaging\dist\QCS\_internal\scipy\optimize\_moduleTNC.cp313-win_amd64.pyd
   Compressing: C:\Users\LAMB\Desktop\qcs_sage\packaging\dist\QCS\_internal\scipy\optimize\_pava_pybind.cp313-win_amd64.pyd
   Compressing: C:\Users\LAMB\Desktop\qcs_sage\packaging\dist\QCS\_internal\scipy\optimize\_slsqp.cp313-win_amd64.pyd
   Compressing: C:\Users\LAMB\Desktop\qcs_sage\packaging\dist\QCS\_internal\scipy\optimize\_zeros.cp313-win_amd64.pyd
   Compressing: C:\Users\LAMB\Desktop\qcs_sage\packaging\dist\QCS\_internal\scipy\optimize\_highspy\_core.cp313-win_amd64.pyd
   Compressing: C:\Users\LAMB\Desktop\qcs_sage\packaging\dist\QCS\_internal\scipy\optimize\_highspy\_highs_options.cp313-win_amd64.pyd
   Compressing: C:\Users\LAMB\Desktop\qcs_sage\packaging\dist\QCS\_internal\scipy\optimize\_lsq\givens_elimination.cp313-win_amd64.pyd
   Compressing: C:\Users\LAMB\Desktop\qcs_sage\packaging\dist\QCS\_internal\scipy\optimize\_trlib\_trlib.cp313-win_amd64.pyd
   Compressing: C:\Users\LAMB\Desktop\qcs_sage\packaging\dist\QCS\_internal\scipy\signal\_max_len_seq_inner.cp313-win_amd64.pyd
   Compressing: C:\Users\LAMB\Desktop\qcs_sage\packaging\dist\QCS\_internal\scipy\signal\_peak_finding_utils.cp313-win_amd64.pyd
   Compressing: C:\Users\LAMB\Desktop\qcs_sage\packaging\dist\QCS\_internal\scipy\signal\_sigtools.cp313-win_amd64.pyd
   Compressing: C:\Users\LAMB\Desktop\qcs_sage\packaging\dist\QCS\_internal\scipy\signal\_sosfilt.cp313-win_amd64.pyd
   Compressing: C:\Users\LAMB\Desktop\qcs_sage\packaging\dist\QCS\_internal\scipy\signal\_spline.cp313-win_amd64.pyd
   Compressing: C:\Users\LAMB\Desktop\qcs_sage\packaging\dist\QCS\_internal\scipy\signal\_upfirdn_apply.cp313-win_amd64.pyd
   Compressing: C:\Users\LAMB\Desktop\qcs_sage\packaging\dist\QCS\_internal\scipy\sparse\_csparsetools.cp313-win_amd64.pyd
   Compressing: C:\Users\LAMB\Desktop\qcs_sage\packaging\dist\QCS\_internal\scipy\sparse\_sparsetools.cp313-win_amd64.pyd
   Compressing: C:\Users\LAMB\Desktop\qcs_sage\packaging\dist\QCS\_internal\scipy\sparse\csgraph\_flow.cp313-win_amd64.pyd
   Compressing: C:\Users\LAMB\Desktop\qcs_sage\packaging\dist\QCS\_internal\scipy\sparse\csgraph\_matching.cp313-win_amd64.pyd
   Compressing: C:\Users\LAMB\Desktop\qcs_sage\packaging\dist\QCS\_internal\scipy\sparse\csgraph\_min_spanning_tree.cp313-win_amd64.pyd
   Compressing: C:\Users\LAMB\Desktop\qcs_sage\packaging\dist\QCS\_internal\scipy\sparse\csgraph\_reordering.cp313-win_amd64.pyd
   Compressing: C:\Users\LAMB\Desktop\qcs_sage\packaging\dist\QCS\_internal\scipy\sparse\csgraph\_shortest_path.cp313-win_amd64.pyd
   Compressing: C:\Users\LAMB\Desktop\qcs_sage\packaging\dist\QCS\_internal\scipy\sparse\csgraph\_tools.cp313-win_amd64.pyd
   Compressing: C:\Users\LAMB\Desktop\qcs_sage\packaging\dist\QCS\_internal\scipy\sparse\csgraph\_traversal.cp313-win_amd64.pyd
   Compressing: C:\Users\LAMB\Desktop\qcs_sage\packaging\dist\QCS\_internal\scipy\sparse\linalg\_dsolve\_superlu.cp313-win_amd64.pyd
   Compressing: C:\Users\LAMB\Desktop\qcs_sage\packaging\dist\QCS\_internal\scipy\sparse\linalg\_eigen\arpack\_arpack.cp313-win_amd64.pyd
   Compressing: C:\Users\LAMB\Desktop\qcs_sage\packaging\dist\QCS\_internal\scipy\sparse\linalg\_propack\_cpropack.cp313-win_amd64.pyd
   Compressing: C:\Users\LAMB\Desktop\qcs_sage\packaging\dist\QCS\_internal\scipy\sparse\linalg\_propack\_dpropack.cp313-win_amd64.pyd
   Compressing: C:\Users\LAMB\Desktop\qcs_sage\packaging\dist\QCS\_internal\scipy\sparse\linalg\_propack\_spropack.cp313-win_amd64.pyd
   Compressing: C:\Users\LAMB\Desktop\qcs_sage\packaging\dist\QCS\_internal\scipy\sparse\linalg\_propack\_zpropack.cp313-win_amd64.pyd
   Compressing: C:\Users\LAMB\Desktop\qcs_sage\packaging\dist\QCS\_internal\scipy\spatial\_ckdtree.cp313-win_amd64.pyd
   Compressing: C:\Users\LAMB\Desktop\qcs_sage\packaging\dist\QCS\_internal\scipy\spatial\_distance_pybind.cp313-win_amd64.pyd
   Compressing: C:\Users\LAMB\Desktop\qcs_sage\packaging\dist\QCS\_internal\scipy\spatial\_distance_wrap.cp313-win_amd64.pyd
   Compressing: C:\Users\LAMB\Desktop\qcs_sage\packaging\dist\QCS\_internal\scipy\spatial\_hausdorff.cp313-win_amd64.pyd
   Compressing: C:\Users\LAMB\Desktop\qcs_sage\packaging\dist\QCS\_internal\scipy\spatial\_qhull.cp313-win_amd64.pyd
   Compressing: C:\Users\LAMB\Desktop\qcs_sage\packaging\dist\QCS\_internal\scipy\spatial\_voronoi.cp313-win_amd64.pyd
   Compressing: C:\Users\LAMB\Desktop\qcs_sage\packaging\dist\QCS\_internal\scipy\spatial\transform\_rotation.cp313-win_amd64.pyd
   Compressing: C:\Users\LAMB\Desktop\qcs_sage\packaging\dist\QCS\_internal\scipy\special\cython_special.cp313-win_amd64.pyd
   Compressing: C:\Users\LAMB\Desktop\qcs_sage\packaging\dist\QCS\_internal\scipy\special\libsf_error_state.dll
   Compressing: C:\Users\LAMB\Desktop\qcs_sage\packaging\dist\QCS\_internal\scipy\special\_comb.cp313-win_amd64.pyd
   Compressing: C:\Users\LAMB\Desktop\qcs_sage\packaging\dist\QCS\_internal\scipy\special\_ellip_harm_2.cp313-win_amd64.pyd
   Compressing: C:\Users\LAMB\Desktop\qcs_sage\packaging\dist\QCS\_internal\scipy\special\_gufuncs.cp313-win_amd64.pyd
   Compressing: C:\Users\LAMB\Desktop\qcs_sage\packaging\dist\QCS\_internal\scipy\special\_specfun.cp313-win_amd64.pyd
   Compressing: C:\Users\LAMB\Desktop\qcs_sage\packaging\dist\QCS\_internal\scipy\special\_special_ufuncs.cp313-win_amd64.pyd
   Compressing: C:\Users\LAMB\Desktop\qcs_sage\packaging\dist\QCS\_internal\scipy\special\_ufuncs.cp313-win_amd64.pyd
   Compressing: C:\Users\LAMB\Desktop\qcs_sage\packaging\dist\QCS\_internal\scipy\special\_ufuncs_cxx.cp313-win_amd64.pyd
   Compressing: C:\Users\LAMB\Desktop\qcs_sage\packaging\dist\QCS\_internal\scipy\stats\_ansari_swilk_statistics.cp313-win_amd64.pyd
   Compressing: C:\Users\LAMB\Desktop\qcs_sage\packaging\dist\QCS\_internal\scipy\stats\_biasedurn.cp313-win_amd64.pyd
   Compressing: C:\Users\LAMB\Desktop\qcs_sage\packaging\dist\QCS\_internal\scipy\stats\_mvn.cp313-win_amd64.pyd
   Compressing: C:\Users\LAMB\Desktop\qcs_sage\packaging\dist\QCS\_internal\scipy\stats\_qmc_cy.cp313-win_amd64.pyd
   Compressing: C:\Users\LAMB\Desktop\qcs_sage\packaging\dist\QCS\_internal\scipy\stats\_sobol.cp313-win_amd64.pyd
   Compressing: C:\Users\LAMB\Desktop\qcs_sage\packaging\dist\QCS\_internal\scipy\stats\_stats.cp313-win_amd64.pyd
   Compressing: C:\Users\LAMB\Desktop\qcs_sage\packaging\dist\QCS\_internal\scipy\stats\_stats_pythran.cp313-win_amd64.pyd
   Compressing: C:\Users\LAMB\Desktop\qcs_sage\packaging\dist\QCS\_internal\scipy\stats\_levy_stable\levyst.cp313-win_amd64.pyd
   Compressing: C:\Users\LAMB\Desktop\qcs_sage\packaging\dist\QCS\_internal\scipy\stats\_rcont\rcont.cp313-win_amd64.pyd
   Compressing: C:\Users\LAMB\Desktop\qcs_sage\packaging\dist\QCS\_internal\scipy\_lib\messagestream.cp313-win_amd64.pyd
   Compressing: C:\Users\LAMB\Desktop\qcs_sage\packaging\dist\QCS\_internal\scipy\_lib\_ccallback_c.cp313-win_amd64.pyd
   Compressing: C:\Users\LAMB\Desktop\qcs_sage\packaging\dist\QCS\_internal\scipy\_lib\_fpumode.cp313-win_amd64.pyd
   Compressing: C:\Users\LAMB\Desktop\qcs_sage\packaging\dist\QCS\_internal\scipy\_lib\_uarray\_uarray.cp313-win_amd64.pyd
   Compressing: C:\Users\LAMB\Desktop\qcs_sage\packaging\dist\QCS\_internal\scipy.libs\libscipy_openblas-f07f5a5d207a3a47104dca54d6d0c86a.dll
   Compressing: C:\Users\LAMB\Desktop\qcs_sage\packaging\dist\QCS\_internal\shiboken6\MSVCP140.dll
   Compressing: C:\Users\LAMB\Desktop\qcs_sage\packaging\dist\QCS\_internal\shiboken6\Shiboken.pyd
   Compressing: C:\Users\LAMB\Desktop\qcs_sage\packaging\dist\QCS\_internal\shiboken6\shiboken6.abi3.dll
   Compressing: C:\Users\LAMB\Desktop\qcs_sage\packaging\dist\QCS\_internal\shiboken6\VCRUNTIME140.dll
   Compressing: C:\Users\LAMB\Desktop\qcs_sage\packaging\dist\QCS\_internal\shiboken6\VCRUNTIME140_1.dll
   Compressing: C:\Users\LAMB\Desktop\qcs_sage\packaging\dist\QCS\_internal\sv_ttk\py.typed
   Compressing: C:\Users\LAMB\Desktop\qcs_sage\packaging\dist\QCS\_internal\sv_ttk\sv.tcl
   Compressing: C:\Users\LAMB\Desktop\qcs_sage\packaging\dist\QCS\_internal\sv_ttk\__init__.py
   Compressing: C:\Users\LAMB\Desktop\qcs_sage\packaging\dist\QCS\_internal\sv_ttk\theme\dark.tcl
   Compressing: C:\Users\LAMB\Desktop\qcs_sage\packaging\dist\QCS\_internal\sv_ttk\theme\light.tcl
   Compressing: C:\Users\LAMB\Desktop\qcs_sage\packaging\dist\QCS\_internal\sv_ttk\theme\spritesheet_dark.png
   Compressing: C:\Users\LAMB\Desktop\qcs_sage\packaging\dist\QCS\_internal\sv_ttk\theme\spritesheet_light.png
   Compressing: C:\Users\LAMB\Desktop\qcs_sage\packaging\dist\QCS\_internal\sv_ttk\theme\sprites_dark.tcl
   Compressing: C:\Users\LAMB\Desktop\qcs_sage\packaging\dist\QCS\_internal\sv_ttk\theme\sprites_light.tcl
   Compressing: C:\Users\LAMB\Desktop\qcs_sage\packaging\dist\QCS\_internal\sv_ttk-2.6.1.dist-info\INSTALLER
   Compressing: C:\Users\LAMB\Desktop\qcs_sage\packaging\dist\QCS\_internal\sv_ttk-2.6.1.dist-info\METADATA
   Compressing: C:\Users\LAMB\Desktop\qcs_sage\packaging\dist\QCS\_internal\sv_ttk-2.6.1.dist-info\RECORD
   Compressing: C:\Users\LAMB\Desktop\qcs_sage\packaging\dist\QCS\_internal\sv_ttk-2.6.1.dist-info\REQUESTED
   Compressing: C:\Users\LAMB\Desktop\qcs_sage\packaging\dist\QCS\_internal\sv_ttk-2.6.1.dist-info\top_level.txt
   Compressing: C:\Users\LAMB\Desktop\qcs_sage\packaging\dist\QCS\_internal\sv_ttk-2.6.1.dist-info\WHEEL
   Compressing: C:\Users\LAMB\Desktop\qcs_sage\packaging\dist\QCS\_internal\sv_ttk-2.6.1.dist-info\licenses\LICENSE
   Compressing: C:\Users\LAMB\Desktop\qcs_sage\packaging\dist\QCS\_internal\tcl8\8.4\platform-1.0.19.tm
   Compressing: C:\Users\LAMB\Desktop\qcs_sage\packaging\dist\QCS\_internal\tcl8\8.4\platform\shell-1.1.4.tm
   Compressing: C:\Users\LAMB\Desktop\qcs_sage\packaging\dist\QCS\_internal\tcl8\8.5\msgcat-1.6.1.tm
   Compressing: C:\Users\LAMB\Desktop\qcs_sage\packaging\dist\QCS\_internal\tcl8\8.5\tcltest-2.5.7.tm
   Compressing: C:\Users\LAMB\Desktop\qcs_sage\packaging\dist\QCS\_internal\tcl8\8.6\http-2.9.8.tm
   Compressing: C:\Users\LAMB\Desktop\qcs_sage\packaging\dist\QCS\_internal\tkinterdnd2\TkinterDnD.py
   Compressing: C:\Users\LAMB\Desktop\qcs_sage\packaging\dist\QCS\_internal\tkinterdnd2\__init__.py
   Compressing: C:\Users\LAMB\Desktop\qcs_sage\packaging\dist\QCS\_internal\tkinterdnd2\tkdnd\linux-arm64\libtkdnd2.10.1.so
   Compressing: C:\Users\LAMB\Desktop\qcs_sage\packaging\dist\QCS\_internal\tkinterdnd2\tkdnd\linux-arm64\pkgIndex.tcl
   Compressing: C:\Users\LAMB\Desktop\qcs_sage\packaging\dist\QCS\_internal\tkinterdnd2\tkdnd\linux-arm64\tkdnd.tcl
   Compressing: C:\Users\LAMB\Desktop\qcs_sage\packaging\dist\QCS\_internal\tkinterdnd2\tkdnd\linux-arm64\tkdnd_compat.tcl
   Compressing: C:\Users\LAMB\Desktop\qcs_sage\packaging\dist\QCS\_internal\tkinterdnd2\tkdnd\linux-arm64\tkdnd_generic.tcl
   Compressing: C:\Users\LAMB\Desktop\qcs_sage\packaging\dist\QCS\_internal\tkinterdnd2\tkdnd\linux-arm64\tkdnd_macosx.tcl
   Compressing: C:\Users\LAMB\Desktop\qcs_sage\packaging\dist\QCS\_internal\tkinterdnd2\tkdnd\linux-arm64\tkdnd_unix.tcl
   Compressing: C:\Users\LAMB\Desktop\qcs_sage\packaging\dist\QCS\_internal\tkinterdnd2\tkdnd\linux-arm64\tkdnd_utils.tcl
   Compressing: C:\Users\LAMB\Desktop\qcs_sage\packaging\dist\QCS\_internal\tkinterdnd2\tkdnd\linux-arm64\tkdnd_windows.tcl
   Compressing: C:\Users\LAMB\Desktop\qcs_sage\packaging\dist\QCS\_internal\tkinterdnd2\tkdnd\linux-arm64-tcl9\libtcl9tkdnd2.10.1.so
   Compressing: C:\Users\LAMB\Desktop\qcs_sage\packaging\dist\QCS\_internal\tkinterdnd2\tkdnd\linux-arm64-tcl9\pkgIndex.tcl
   Compressing: C:\Users\LAMB\Desktop\qcs_sage\packaging\dist\QCS\_internal\tkinterdnd2\tkdnd\linux-arm64-tcl9\tkdnd.tcl
   Compressing: C:\Users\LAMB\Desktop\qcs_sage\packaging\dist\QCS\_internal\tkinterdnd2\tkdnd\linux-arm64-tcl9\tkdnd_compat.tcl
   Compressing: C:\Users\LAMB\Desktop\qcs_sage\packaging\dist\QCS\_internal\tkinterdnd2\tkdnd\linux-arm64-tcl9\tkdnd_generic.tcl
   Compressing: C:\Users\LAMB\Desktop\qcs_sage\packaging\dist\QCS\_internal\tkinterdnd2\tkdnd\linux-arm64-tcl9\tkdnd_macosx.tcl
   Compressing: C:\Users\LAMB\Desktop\qcs_sage\packaging\dist\QCS\_internal\tkinterdnd2\tkdnd\linux-arm64-tcl9\tkdnd_unix.tcl
   Compressing: C:\Users\LAMB\Desktop\qcs_sage\packaging\dist\QCS\_internal\tkinterdnd2\tkdnd\linux-arm64-tcl9\tkdnd_utils.tcl
   Compressing: C:\Users\LAMB\Desktop\qcs_sage\packaging\dist\QCS\_internal\tkinterdnd2\tkdnd\linux-arm64-tcl9\tkdnd_windows.tcl
   Compressing: C:\Users\LAMB\Desktop\qcs_sage\packaging\dist\QCS\_internal\tkinterdnd2\tkdnd\linux-x64\libtkdnd2.10.1.so
   Compressing: C:\Users\LAMB\Desktop\qcs_sage\packaging\dist\QCS\_internal\tkinterdnd2\tkdnd\linux-x64\pkgIndex.tcl
   Compressing: C:\Users\LAMB\Desktop\qcs_sage\packaging\dist\QCS\_internal\tkinterdnd2\tkdnd\linux-x64\tkdnd.tcl
   Compressing: C:\Users\LAMB\Desktop\qcs_sage\packaging\dist\QCS\_internal\tkinterdnd2\tkdnd\linux-x64\tkdnd_compat.tcl
   Compressing: C:\Users\LAMB\Desktop\qcs_sage\packaging\dist\QCS\_internal\tkinterdnd2\tkdnd\linux-x64\tkdnd_generic.tcl
   Compressing: C:\Users\LAMB\Desktop\qcs_sage\packaging\dist\QCS\_internal\tkinterdnd2\tkdnd\linux-x64\tkdnd_macosx.tcl
   Compressing: C:\Users\LAMB\Desktop\qcs_sage\packaging\dist\QCS\_internal\tkinterdnd2\tkdnd\linux-x64\tkdnd_unix.tcl
   Compressing: C:\Users\LAMB\Desktop\qcs_sage\packaging\dist\QCS\_internal\tkinterdnd2\tkdnd\linux-x64\tkdnd_utils.tcl
   Compressing: C:\Users\LAMB\Desktop\qcs_sage\packaging\dist\QCS\_internal\tkinterdnd2\tkdnd\linux-x64\tkdnd_windows.tcl
   Compressing: C:\Users\LAMB\Desktop\qcs_sage\packaging\dist\QCS\_internal\tkinterdnd2\tkdnd\linux-x64-tcl9\libtcl9tkdnd2.10.1.so
   Compressing: C:\Users\LAMB\Desktop\qcs_sage\packaging\dist\QCS\_internal\tkinterdnd2\tkdnd\linux-x64-tcl9\pkgIndex.tcl
   Compressing: C:\Users\LAMB\Desktop\qcs_sage\packaging\dist\QCS\_internal\tkinterdnd2\tkdnd\linux-x64-tcl9\tkdnd.tcl
   Compressing: C:\Users\LAMB\Desktop\qcs_sage\packaging\dist\QCS\_internal\tkinterdnd2\tkdnd\linux-x64-tcl9\tkdnd_compat.tcl
   Compressing: C:\Users\LAMB\Desktop\qcs_sage\packaging\dist\QCS\_internal\tkinterdnd2\tkdnd\linux-x64-tcl9\tkdnd_generic.tcl
   Compressing: C:\Users\LAMB\Desktop\qcs_sage\packaging\dist\QCS\_internal\tkinterdnd2\tkdnd\linux-x64-tcl9\tkdnd_macosx.tcl
   Compressing: C:\Users\LAMB\Desktop\qcs_sage\packaging\dist\QCS\_internal\tkinterdnd2\tkdnd\linux-x64-tcl9\tkdnd_unix.tcl
   Compressing: C:\Users\LAMB\Desktop\qcs_sage\packaging\dist\QCS\_internal\tkinterdnd2\tkdnd\linux-x64-tcl9\tkdnd_utils.tcl
   Compressing: C:\Users\LAMB\Desktop\qcs_sage\packaging\dist\QCS\_internal\tkinterdnd2\tkdnd\linux-x64-tcl9\tkdnd_windows.tcl
   Compressing: C:\Users\LAMB\Desktop\qcs_sage\packaging\dist\QCS\_internal\tkinterdnd2\tkdnd\osx-arm64\libtkdnd2.10.1.dylib
   Compressing: C:\Users\LAMB\Desktop\qcs_sage\packaging\dist\QCS\_internal\tkinterdnd2\tkdnd\osx-arm64\pkgIndex.tcl
   Compressing: C:\Users\LAMB\Desktop\qcs_sage\packaging\dist\QCS\_internal\tkinterdnd2\tkdnd\osx-arm64\tkdnd.tcl
   Compressing: C:\Users\LAMB\Desktop\qcs_sage\packaging\dist\QCS\_internal\tkinterdnd2\tkdnd\osx-arm64\tkdnd_compat.tcl
   Compressing: C:\Users\LAMB\Desktop\qcs_sage\packaging\dist\QCS\_internal\tkinterdnd2\tkdnd\osx-arm64\tkdnd_generic.tcl
   Compressing: C:\Users\LAMB\Desktop\qcs_sage\packaging\dist\QCS\_internal\tkinterdnd2\tkdnd\osx-arm64\tkdnd_macosx.tcl
   Compressing: C:\Users\LAMB\Desktop\qcs_sage\packaging\dist\QCS\_internal\tkinterdnd2\tkdnd\osx-arm64\tkdnd_unix.tcl
   Compressing: C:\Users\LAMB\Desktop\qcs_sage\packaging\dist\QCS\_internal\tkinterdnd2\tkdnd\osx-arm64\tkdnd_utils.tcl
   Compressing: C:\Users\LAMB\Desktop\qcs_sage\packaging\dist\QCS\_internal\tkinterdnd2\tkdnd\osx-arm64\tkdnd_windows.tcl
   Compressing: C:\Users\LAMB\Desktop\qcs_sage\packaging\dist\QCS\_internal\tkinterdnd2\tkdnd\osx-arm64-tcl9\libtcl9tkdnd2.10.1.dylib
   Compressing: C:\Users\LAMB\Desktop\qcs_sage\packaging\dist\QCS\_internal\tkinterdnd2\tkdnd\osx-arm64-tcl9\pkgIndex.tcl
   Compressing: C:\Users\LAMB\Desktop\qcs_sage\packaging\dist\QCS\_internal\tkinterdnd2\tkdnd\osx-arm64-tcl9\tkdnd.tcl
   Compressing: C:\Users\LAMB\Desktop\qcs_sage\packaging\dist\QCS\_internal\tkinterdnd2\tkdnd\osx-arm64-tcl9\tkdnd_compat.tcl
   Compressing: C:\Users\LAMB\Desktop\qcs_sage\packaging\dist\QCS\_internal\tkinterdnd2\tkdnd\osx-arm64-tcl9\tkdnd_generic.tcl
   Compressing: C:\Users\LAMB\Desktop\qcs_sage\packaging\dist\QCS\_internal\tkinterdnd2\tkdnd\osx-arm64-tcl9\tkdnd_macosx.tcl
   Compressing: C:\Users\LAMB\Desktop\qcs_sage\packaging\dist\QCS\_internal\tkinterdnd2\tkdnd\osx-arm64-tcl9\tkdnd_unix.tcl
   Compressing: C:\Users\LAMB\Desktop\qcs_sage\packaging\dist\QCS\_internal\tkinterdnd2\tkdnd\osx-arm64-tcl9\tkdnd_utils.tcl
   Compressing: C:\Users\LAMB\Desktop\qcs_sage\packaging\dist\QCS\_internal\tkinterdnd2\tkdnd\osx-arm64-tcl9\tkdnd_windows.tcl
   Compressing: C:\Users\LAMB\Desktop\qcs_sage\packaging\dist\QCS\_internal\tkinterdnd2\tkdnd\osx-x64\libtkdnd2.9.4.dylib
   Compressing: C:\Users\LAMB\Desktop\qcs_sage\packaging\dist\QCS\_internal\tkinterdnd2\tkdnd\osx-x64\pkgIndex.tcl
   Compressing: C:\Users\LAMB\Desktop\qcs_sage\packaging\dist\QCS\_internal\tkinterdnd2\tkdnd\osx-x64\tkdnd.tcl
   Compressing: C:\Users\LAMB\Desktop\qcs_sage\packaging\dist\QCS\_internal\tkinterdnd2\tkdnd\osx-x64\tkdnd_compat.tcl
   Compressing: C:\Users\LAMB\Desktop\qcs_sage\packaging\dist\QCS\_internal\tkinterdnd2\tkdnd\osx-x64\tkdnd_generic.tcl
   Compressing: C:\Users\LAMB\Desktop\qcs_sage\packaging\dist\QCS\_internal\tkinterdnd2\tkdnd\osx-x64\tkdnd_macosx.tcl
   Compressing: C:\Users\LAMB\Desktop\qcs_sage\packaging\dist\QCS\_internal\tkinterdnd2\tkdnd\osx-x64\tkdnd_unix.tcl
   Compressing: C:\Users\LAMB\Desktop\qcs_sage\packaging\dist\QCS\_internal\tkinterdnd2\tkdnd\osx-x64\tkdnd_utils.tcl
   Compressing: C:\Users\LAMB\Desktop\qcs_sage\packaging\dist\QCS\_internal\tkinterdnd2\tkdnd\osx-x64\tkdnd_windows.tcl
   Compressing: C:\Users\LAMB\Desktop\qcs_sage\packaging\dist\QCS\_internal\tkinterdnd2\tkdnd\win-arm64\libtkdnd2.10.1.dll
   Compressing: C:\Users\LAMB\Desktop\qcs_sage\packaging\dist\QCS\_internal\tkinterdnd2\tkdnd\win-arm64\pkgIndex.tcl
   Compressing: C:\Users\LAMB\Desktop\qcs_sage\packaging\dist\QCS\_internal\tkinterdnd2\tkdnd\win-arm64\tkdnd.tcl
   Compressing: C:\Users\LAMB\Desktop\qcs_sage\packaging\dist\QCS\_internal\tkinterdnd2\tkdnd\win-arm64\tkdnd2.10.1.lib
   Compressing: C:\Users\LAMB\Desktop\qcs_sage\packaging\dist\QCS\_internal\tkinterdnd2\tkdnd\win-arm64\tkdnd_compat.tcl
   Compressing: C:\Users\LAMB\Desktop\qcs_sage\packaging\dist\QCS\_internal\tkinterdnd2\tkdnd\win-arm64\tkdnd_generic.tcl
   Compressing: C:\Users\LAMB\Desktop\qcs_sage\packaging\dist\QCS\_internal\tkinterdnd2\tkdnd\win-arm64\tkdnd_macosx.tcl
   Compressing: C:\Users\LAMB\Desktop\qcs_sage\packaging\dist\QCS\_internal\tkinterdnd2\tkdnd\win-arm64\tkdnd_unix.tcl
   Compressing: C:\Users\LAMB\Desktop\qcs_sage\packaging\dist\QCS\_internal\tkinterdnd2\tkdnd\win-arm64\tkdnd_utils.tcl
   Compressing: C:\Users\LAMB\Desktop\qcs_sage\packaging\dist\QCS\_internal\tkinterdnd2\tkdnd\win-arm64\tkdnd_windows.tcl
   Compressing: C:\Users\LAMB\Desktop\qcs_sage\packaging\dist\QCS\_internal\tkinterdnd2\tkdnd\win-x64\libtkdnd2.10.1.dll
   Compressing: C:\Users\LAMB\Desktop\qcs_sage\packaging\dist\QCS\_internal\tkinterdnd2\tkdnd\win-x64\pkgIndex.tcl
   Compressing: C:\Users\LAMB\Desktop\qcs_sage\packaging\dist\QCS\_internal\tkinterdnd2\tkdnd\win-x64\tkdnd.tcl
   Compressing: C:\Users\LAMB\Desktop\qcs_sage\packaging\dist\QCS\_internal\tkinterdnd2\tkdnd\win-x64\tkdnd2.10.1.lib
   Compressing: C:\Users\LAMB\Desktop\qcs_sage\packaging\dist\QCS\_internal\tkinterdnd2\tkdnd\win-x64\tkdnd_compat.tcl
   Compressing: C:\Users\LAMB\Desktop\qcs_sage\packaging\dist\QCS\_internal\tkinterdnd2\tkdnd\win-x64\tkdnd_generic.tcl
   Compressing: C:\Users\LAMB\Desktop\qcs_sage\packaging\dist\QCS\_internal\tkinterdnd2\tkdnd\win-x64\tkdnd_macosx.tcl
   Compressing: C:\Users\LAMB\Desktop\qcs_sage\packaging\dist\QCS\_internal\tkinterdnd2\tkdnd\win-x64\tkdnd_unix.tcl
   Compressing: C:\Users\LAMB\Desktop\qcs_sage\packaging\dist\QCS\_internal\tkinterdnd2\tkdnd\win-x64\tkdnd_utils.tcl
   Compressing: C:\Users\LAMB\Desktop\qcs_sage\packaging\dist\QCS\_internal\tkinterdnd2\tkdnd\win-x64\tkdnd_windows.tcl
   Compressing: C:\Users\LAMB\Desktop\qcs_sage\packaging\dist\QCS\_internal\tkinterdnd2\tkdnd\win-x64-tcl9\libtkdnd2.10.1.dll
   Compressing: C:\Users\LAMB\Desktop\qcs_sage\packaging\dist\QCS\_internal\tkinterdnd2\tkdnd\win-x64-tcl9\pkgIndex.tcl
   Compressing: C:\Users\LAMB\Desktop\qcs_sage\packaging\dist\QCS\_internal\tkinterdnd2\tkdnd\win-x64-tcl9\tkdnd.tcl
   Compressing: C:\Users\LAMB\Desktop\qcs_sage\packaging\dist\QCS\_internal\tkinterdnd2\tkdnd\win-x64-tcl9\tkdnd2.10.1.lib
   Compressing: C:\Users\LAMB\Desktop\qcs_sage\packaging\dist\QCS\_internal\tkinterdnd2\tkdnd\win-x64-tcl9\tkdnd_compat.tcl
   Compressing: C:\Users\LAMB\Desktop\qcs_sage\packaging\dist\QCS\_internal\tkinterdnd2\tkdnd\win-x64-tcl9\tkdnd_generic.tcl
   Compressing: C:\Users\LAMB\Desktop\qcs_sage\packaging\dist\QCS\_internal\tkinterdnd2\tkdnd\win-x64-tcl9\tkdnd_macosx.tcl
   Compressing: C:\Users\LAMB\Desktop\qcs_sage\packaging\dist\QCS\_internal\tkinterdnd2\tkdnd\win-x64-tcl9\tkdnd_unix.tcl
   Compressing: C:\Users\LAMB\Desktop\qcs_sage\packaging\dist\QCS\_internal\tkinterdnd2\tkdnd\win-x64-tcl9\tkdnd_utils.tcl
   Compressing: C:\Users\LAMB\Desktop\qcs_sage\packaging\dist\QCS\_internal\tkinterdnd2\tkdnd\win-x64-tcl9\tkdnd_windows.tcl
   Compressing: C:\Users\LAMB\Desktop\qcs_sage\packaging\dist\QCS\_internal\tkinterdnd2\tkdnd\win-x86\libtkdnd2.10.1.dll
   Compressing: C:\Users\LAMB\Desktop\qcs_sage\packaging\dist\QCS\_internal\tkinterdnd2\tkdnd\win-x86\pkgIndex.tcl
   Compressing: C:\Users\LAMB\Desktop\qcs_sage\packaging\dist\QCS\_internal\tkinterdnd2\tkdnd\win-x86\tkdnd.tcl
   Compressing: C:\Users\LAMB\Desktop\qcs_sage\packaging\dist\QCS\_internal\tkinterdnd2\tkdnd\win-x86\tkdnd2.10.1.lib
   Compressing: C:\Users\LAMB\Desktop\qcs_sage\packaging\dist\QCS\_internal\tkinterdnd2\tkdnd\win-x86\tkdnd_compat.tcl
   Compressing: C:\Users\LAMB\Desktop\qcs_sage\packaging\dist\QCS\_internal\tkinterdnd2\tkdnd\win-x86\tkdnd_generic.tcl
   Compressing: C:\Users\LAMB\Desktop\qcs_sage\packaging\dist\QCS\_internal\tkinterdnd2\tkdnd\win-x86\tkdnd_macosx.tcl
   Compressing: C:\Users\LAMB\Desktop\qcs_sage\packaging\dist\QCS\_internal\tkinterdnd2\tkdnd\win-x86\tkdnd_unix.tcl
   Compressing: C:\Users\LAMB\Desktop\qcs_sage\packaging\dist\QCS\_internal\tkinterdnd2\tkdnd\win-x86\tkdnd_utils.tcl
   Compressing: C:\Users\LAMB\Desktop\qcs_sage\packaging\dist\QCS\_internal\tkinterdnd2\tkdnd\win-x86\tkdnd_windows.tcl
   Compressing: C:\Users\LAMB\Desktop\qcs_sage\packaging\dist\QCS\_internal\tkinterdnd2\tkdnd\win-x86-tcl9\libtkdnd2.10.1.dll
   Compressing: C:\Users\LAMB\Desktop\qcs_sage\packaging\dist\QCS\_internal\tkinterdnd2\tkdnd\win-x86-tcl9\pkgIndex.tcl
   Compressing: C:\Users\LAMB\Desktop\qcs_sage\packaging\dist\QCS\_internal\tkinterdnd2\tkdnd\win-x86-tcl9\tkdnd.tcl
   Compressing: C:\Users\LAMB\Desktop\qcs_sage\packaging\dist\QCS\_internal\tkinterdnd2\tkdnd\win-x86-tcl9\tkdnd2.10.1.lib
   Compressing: C:\Users\LAMB\Desktop\qcs_sage\packaging\dist\QCS\_internal\tkinterdnd2\tkdnd\win-x86-tcl9\tkdnd_compat.tcl
   Compressing: C:\Users\LAMB\Desktop\qcs_sage\packaging\dist\QCS\_internal\tkinterdnd2\tkdnd\win-x86-tcl9\tkdnd_generic.tcl
   Compressing: C:\Users\LAMB\Desktop\qcs_sage\packaging\dist\QCS\_internal\tkinterdnd2\tkdnd\win-x86-tcl9\tkdnd_macosx.tcl
   Compressing: C:\Users\LAMB\Desktop\qcs_sage\packaging\dist\QCS\_internal\tkinterdnd2\tkdnd\win-x86-tcl9\tkdnd_unix.tcl
   Compressing: C:\Users\LAMB\Desktop\qcs_sage\packaging\dist\QCS\_internal\tkinterdnd2\tkdnd\win-x86-tcl9\tkdnd_utils.tcl
   Compressing: C:\Users\LAMB\Desktop\qcs_sage\packaging\dist\QCS\_internal\tkinterdnd2\tkdnd\win-x86-tcl9\tkdnd_windows.tcl
   Compressing: C:\Users\LAMB\Desktop\qcs_sage\packaging\dist\QCS\_internal\tkinterdnd2-0.6.2.dist-info\INSTALLER
   Compressing: C:\Users\LAMB\Desktop\qcs_sage\packaging\dist\QCS\_internal\tkinterdnd2-0.6.2.dist-info\METADATA
   Compressing: C:\Users\LAMB\Desktop\qcs_sage\packaging\dist\QCS\_internal\tkinterdnd2-0.6.2.dist-info\RECORD
   Compressing: C:\Users\LAMB\Desktop\qcs_sage\packaging\dist\QCS\_internal\tkinterdnd2-0.6.2.dist-info\REQUESTED
   Compressing: C:\Users\LAMB\Desktop\qcs_sage\packaging\dist\QCS\_internal\tkinterdnd2-0.6.2.dist-info\top_level.txt
   Compressing: C:\Users\LAMB\Desktop\qcs_sage\packaging\dist\QCS\_internal\tkinterdnd2-0.6.2.dist-info\WHEEL
   Compressing: C:\Users\LAMB\Desktop\qcs_sage\packaging\dist\QCS\_internal\tkinterdnd2-0.6.2.dist-info\licenses\LICENSE
   Compressing: C:\Users\LAMB\Desktop\qcs_sage\packaging\dist\QCS\_internal\_tcl_data\auto.tcl
   Compressing: C:\Users\LAMB\Desktop\qcs_sage\packaging\dist\QCS\_internal\_tcl_data\clock.tcl
   Compressing: C:\Users\LAMB\Desktop\qcs_sage\packaging\dist\QCS\_internal\_tcl_data\history.tcl
   Compressing: C:\Users\LAMB\Desktop\qcs_sage\packaging\dist\QCS\_internal\_tcl_data\init.tcl
   Compressing: C:\Users\LAMB\Desktop\qcs_sage\packaging\dist\QCS\_internal\_tcl_data\package.tcl
   Compressing: C:\Users\LAMB\Desktop\qcs_sage\packaging\dist\QCS\_internal\_tcl_data\parray.tcl
   Compressing: C:\Users\LAMB\Desktop\qcs_sage\packaging\dist\QCS\_internal\_tcl_data\safe.tcl
   Compressing: C:\Users\LAMB\Desktop\qcs_sage\packaging\dist\QCS\_internal\_tcl_data\tclIndex
   Compressing: C:\Users\LAMB\Desktop\qcs_sage\packaging\dist\QCS\_internal\_tcl_data\tm.tcl
   Compressing: C:\Users\LAMB\Desktop\qcs_sage\packaging\dist\QCS\_internal\_tcl_data\word.tcl
   Compressing: C:\Users\LAMB\Desktop\qcs_sage\packaging\dist\QCS\_internal\_tcl_data\encoding\ascii.enc
   Compressing: C:\Users\LAMB\Desktop\qcs_sage\packaging\dist\QCS\_internal\_tcl_data\encoding\big5.enc
   Compressing: C:\Users\LAMB\Desktop\qcs_sage\packaging\dist\QCS\_internal\_tcl_data\encoding\cns11643.enc
   Compressing: C:\Users\LAMB\Desktop\qcs_sage\packaging\dist\QCS\_internal\_tcl_data\encoding\cp1250.enc
   Compressing: C:\Users\LAMB\Desktop\qcs_sage\packaging\dist\QCS\_internal\_tcl_data\encoding\cp1251.enc
   Compressing: C:\Users\LAMB\Desktop\qcs_sage\packaging\dist\QCS\_internal\_tcl_data\encoding\cp1252.enc
   Compressing: C:\Users\LAMB\Desktop\qcs_sage\packaging\dist\QCS\_internal\_tcl_data\encoding\cp1253.enc
   Compressing: C:\Users\LAMB\Desktop\qcs_sage\packaging\dist\QCS\_internal\_tcl_data\encoding\cp1254.enc
   Compressing: C:\Users\LAMB\Desktop\qcs_sage\packaging\dist\QCS\_internal\_tcl_data\encoding\cp1255.enc
   Compressing: C:\Users\LAMB\Desktop\qcs_sage\packaging\dist\QCS\_internal\_tcl_data\encoding\cp1256.enc
   Compressing: C:\Users\LAMB\Desktop\qcs_sage\packaging\dist\QCS\_internal\_tcl_data\encoding\cp1257.enc
   Compressing: C:\Users\LAMB\Desktop\qcs_sage\packaging\dist\QCS\_internal\_tcl_data\encoding\cp1258.enc
   Compressing: C:\Users\LAMB\Desktop\qcs_sage\packaging\dist\QCS\_internal\_tcl_data\encoding\cp437.enc
   Compressing: C:\Users\LAMB\Desktop\qcs_sage\packaging\dist\QCS\_internal\_tcl_data\encoding\cp737.enc
   Compressing: C:\Users\LAMB\Desktop\qcs_sage\packaging\dist\QCS\_internal\_tcl_data\encoding\cp775.enc
   Compressing: C:\Users\LAMB\Desktop\qcs_sage\packaging\dist\QCS\_internal\_tcl_data\encoding\cp850.enc
   Compressing: C:\Users\LAMB\Desktop\qcs_sage\packaging\dist\QCS\_internal\_tcl_data\encoding\cp852.enc
   Compressing: C:\Users\LAMB\Desktop\qcs_sage\packaging\dist\QCS\_internal\_tcl_data\encoding\cp855.enc
   Compressing: C:\Users\LAMB\Desktop\qcs_sage\packaging\dist\QCS\_internal\_tcl_data\encoding\cp857.enc
   Compressing: C:\Users\LAMB\Desktop\qcs_sage\packaging\dist\QCS\_internal\_tcl_data\encoding\cp860.enc
   Compressing: C:\Users\LAMB\Desktop\qcs_sage\packaging\dist\QCS\_internal\_tcl_data\encoding\cp861.enc
   Compressing: C:\Users\LAMB\Desktop\qcs_sage\packaging\dist\QCS\_internal\_tcl_data\encoding\cp862.enc
   Compressing: C:\Users\LAMB\Desktop\qcs_sage\packaging\dist\QCS\_internal\_tcl_data\encoding\cp863.enc
   Compressing: C:\Users\LAMB\Desktop\qcs_sage\packaging\dist\QCS\_internal\_tcl_data\encoding\cp864.enc
   Compressing: C:\Users\LAMB\Desktop\qcs_sage\packaging\dist\QCS\_internal\_tcl_data\encoding\cp865.enc
   Compressing: C:\Users\LAMB\Desktop\qcs_sage\packaging\dist\QCS\_internal\_tcl_data\encoding\cp866.enc
   Compressing: C:\Users\LAMB\Desktop\qcs_sage\packaging\dist\QCS\_internal\_tcl_data\encoding\cp869.enc
   Compressing: C:\Users\LAMB\Desktop\qcs_sage\packaging\dist\QCS\_internal\_tcl_data\encoding\cp874.enc
   Compressing: C:\Users\LAMB\Desktop\qcs_sage\packaging\dist\QCS\_internal\_tcl_data\encoding\cp932.enc
   Compressing: C:\Users\LAMB\Desktop\qcs_sage\packaging\dist\QCS\_internal\_tcl_data\encoding\cp936.enc
   Compressing: C:\Users\LAMB\Desktop\qcs_sage\packaging\dist\QCS\_internal\_tcl_data\encoding\cp949.enc
   Compressing: C:\Users\LAMB\Desktop\qcs_sage\packaging\dist\QCS\_internal\_tcl_data\encoding\cp950.enc
   Compressing: C:\Users\LAMB\Desktop\qcs_sage\packaging\dist\QCS\_internal\_tcl_data\encoding\dingbats.enc
   Compressing: C:\Users\LAMB\Desktop\qcs_sage\packaging\dist\QCS\_internal\_tcl_data\encoding\ebcdic.enc
   Compressing: C:\Users\LAMB\Desktop\qcs_sage\packaging\dist\QCS\_internal\_tcl_data\encoding\euc-cn.enc
   Compressing: C:\Users\LAMB\Desktop\qcs_sage\packaging\dist\QCS\_internal\_tcl_data\encoding\euc-jp.enc
   Compressing: C:\Users\LAMB\Desktop\qcs_sage\packaging\dist\QCS\_internal\_tcl_data\encoding\euc-kr.enc
   Compressing: C:\Users\LAMB\Desktop\qcs_sage\packaging\dist\QCS\_internal\_tcl_data\encoding\gb12345.enc
   Compressing: C:\Users\LAMB\Desktop\qcs_sage\packaging\dist\QCS\_internal\_tcl_data\encoding\gb1988.enc
   Compressing: C:\Users\LAMB\Desktop\qcs_sage\packaging\dist\QCS\_internal\_tcl_data\encoding\gb2312-raw.enc
   Compressing: C:\Users\LAMB\Desktop\qcs_sage\packaging\dist\QCS\_internal\_tcl_data\encoding\gb2312.enc
   Compressing: C:\Users\LAMB\Desktop\qcs_sage\packaging\dist\QCS\_internal\_tcl_data\encoding\iso2022-jp.enc
   Compressing: C:\Users\LAMB\Desktop\qcs_sage\packaging\dist\QCS\_internal\_tcl_data\encoding\iso2022-kr.enc
   Compressing: C:\Users\LAMB\Desktop\qcs_sage\packaging\dist\QCS\_internal\_tcl_data\encoding\iso2022.enc
   Compressing: C:\Users\LAMB\Desktop\qcs_sage\packaging\dist\QCS\_internal\_tcl_data\encoding\iso8859-1.enc
   Compressing: C:\Users\LAMB\Desktop\qcs_sage\packaging\dist\QCS\_internal\_tcl_data\encoding\iso8859-10.enc
   Compressing: C:\Users\LAMB\Desktop\qcs_sage\packaging\dist\QCS\_internal\_tcl_data\encoding\iso8859-11.enc
   Compressing: C:\Users\LAMB\Desktop\qcs_sage\packaging\dist\QCS\_internal\_tcl_data\encoding\iso8859-13.enc
   Compressing: C:\Users\LAMB\Desktop\qcs_sage\packaging\dist\QCS\_internal\_tcl_data\encoding\iso8859-14.enc
   Compressing: C:\Users\LAMB\Desktop\qcs_sage\packaging\dist\QCS\_internal\_tcl_data\encoding\iso8859-15.enc
   Compressing: C:\Users\LAMB\Desktop\qcs_sage\packaging\dist\QCS\_internal\_tcl_data\encoding\iso8859-16.enc
   Compressing: C:\Users\LAMB\Desktop\qcs_sage\packaging\dist\QCS\_internal\_tcl_data\encoding\iso8859-2.enc
   Compressing: C:\Users\LAMB\Desktop\qcs_sage\packaging\dist\QCS\_internal\_tcl_data\encoding\iso8859-3.enc
   Compressing: C:\Users\LAMB\Desktop\qcs_sage\packaging\dist\QCS\_internal\_tcl_data\encoding\iso8859-4.enc
   Compressing: C:\Users\LAMB\Desktop\qcs_sage\packaging\dist\QCS\_internal\_tcl_data\encoding\iso8859-5.enc
   Compressing: C:\Users\LAMB\Desktop\qcs_sage\packaging\dist\QCS\_internal\_tcl_data\encoding\iso8859-6.enc
   Compressing: C:\Users\LAMB\Desktop\qcs_sage\packaging\dist\QCS\_internal\_tcl_data\encoding\iso8859-7.enc
   Compressing: C:\Users\LAMB\Desktop\qcs_sage\packaging\dist\QCS\_internal\_tcl_data\encoding\iso8859-8.enc
   Compressing: C:\Users\LAMB\Desktop\qcs_sage\packaging\dist\QCS\_internal\_tcl_data\encoding\iso8859-9.enc
   Compressing: C:\Users\LAMB\Desktop\qcs_sage\packaging\dist\QCS\_internal\_tcl_data\encoding\jis0201.enc
   Compressing: C:\Users\LAMB\Desktop\qcs_sage\packaging\dist\QCS\_internal\_tcl_data\encoding\jis0208.enc
   Compressing: C:\Users\LAMB\Desktop\qcs_sage\packaging\dist\QCS\_internal\_tcl_data\encoding\jis0212.enc
   Compressing: C:\Users\LAMB\Desktop\qcs_sage\packaging\dist\QCS\_internal\_tcl_data\encoding\koi8-r.enc
   Compressing: C:\Users\LAMB\Desktop\qcs_sage\packaging\dist\QCS\_internal\_tcl_data\encoding\koi8-u.enc
   Compressing: C:\Users\LAMB\Desktop\qcs_sage\packaging\dist\QCS\_internal\_tcl_data\encoding\ksc5601.enc
   Compressing: C:\Users\LAMB\Desktop\qcs_sage\packaging\dist\QCS\_internal\_tcl_data\encoding\macCentEuro.enc
   Compressing: C:\Users\LAMB\Desktop\qcs_sage\packaging\dist\QCS\_internal\_tcl_data\encoding\macCroatian.enc
   Compressing: C:\Users\LAMB\Desktop\qcs_sage\packaging\dist\QCS\_internal\_tcl_data\encoding\macCyrillic.enc
   Compressing: C:\Users\LAMB\Desktop\qcs_sage\packaging\dist\QCS\_internal\_tcl_data\encoding\macDingbats.enc
   Compressing: C:\Users\LAMB\Desktop\qcs_sage\packaging\dist\QCS\_internal\_tcl_data\encoding\macGreek.enc
   Compressing: C:\Users\LAMB\Desktop\qcs_sage\packaging\dist\QCS\_internal\_tcl_data\encoding\macIceland.enc
   Compressing: C:\Users\LAMB\Desktop\qcs_sage\packaging\dist\QCS\_internal\_tcl_data\encoding\macJapan.enc
   Compressing: C:\Users\LAMB\Desktop\qcs_sage\packaging\dist\QCS\_internal\_tcl_data\encoding\macRoman.enc
   Compressing: C:\Users\LAMB\Desktop\qcs_sage\packaging\dist\QCS\_internal\_tcl_data\encoding\macRomania.enc
   Compressing: C:\Users\LAMB\Desktop\qcs_sage\packaging\dist\QCS\_internal\_tcl_data\encoding\macThai.enc
   Compressing: C:\Users\LAMB\Desktop\qcs_sage\packaging\dist\QCS\_internal\_tcl_data\encoding\macTurkish.enc
   Compressing: C:\Users\LAMB\Desktop\qcs_sage\packaging\dist\QCS\_internal\_tcl_data\encoding\macUkraine.enc
   Compressing: C:\Users\LAMB\Desktop\qcs_sage\packaging\dist\QCS\_internal\_tcl_data\encoding\shiftjis.enc
   Compressing: C:\Users\LAMB\Desktop\qcs_sage\packaging\dist\QCS\_internal\_tcl_data\encoding\symbol.enc
   Compressing: C:\Users\LAMB\Desktop\qcs_sage\packaging\dist\QCS\_internal\_tcl_data\encoding\tis-620.enc
   Compressing: C:\Users\LAMB\Desktop\qcs_sage\packaging\dist\QCS\_internal\_tcl_data\http1.0\http.tcl
   Compressing: C:\Users\LAMB\Desktop\qcs_sage\packaging\dist\QCS\_internal\_tcl_data\http1.0\pkgIndex.tcl
   Compressing: C:\Users\LAMB\Desktop\qcs_sage\packaging\dist\QCS\_internal\_tcl_data\msgs\af.msg
   Compressing: C:\Users\LAMB\Desktop\qcs_sage\packaging\dist\QCS\_internal\_tcl_data\msgs\af_za.msg
   Compressing: C:\Users\LAMB\Desktop\qcs_sage\packaging\dist\QCS\_internal\_tcl_data\msgs\ar.msg
   Compressing: C:\Users\LAMB\Desktop\qcs_sage\packaging\dist\QCS\_internal\_tcl_data\msgs\ar_in.msg
   Compressing: C:\Users\LAMB\Desktop\qcs_sage\packaging\dist\QCS\_internal\_tcl_data\msgs\ar_jo.msg
   Compressing: C:\Users\LAMB\Desktop\qcs_sage\packaging\dist\QCS\_internal\_tcl_data\msgs\ar_lb.msg
   Compressing: C:\Users\LAMB\Desktop\qcs_sage\packaging\dist\QCS\_internal\_tcl_data\msgs\ar_sy.msg
   Compressing: C:\Users\LAMB\Desktop\qcs_sage\packaging\dist\QCS\_internal\_tcl_data\msgs\be.msg
   Compressing: C:\Users\LAMB\Desktop\qcs_sage\packaging\dist\QCS\_internal\_tcl_data\msgs\bg.msg
   Compressing: C:\Users\LAMB\Desktop\qcs_sage\packaging\dist\QCS\_internal\_tcl_data\msgs\bn.msg
   Compressing: C:\Users\LAMB\Desktop\qcs_sage\packaging\dist\QCS\_internal\_tcl_data\msgs\bn_in.msg
   Compressing: C:\Users\LAMB\Desktop\qcs_sage\packaging\dist\QCS\_internal\_tcl_data\msgs\ca.msg
   Compressing: C:\Users\LAMB\Desktop\qcs_sage\packaging\dist\QCS\_internal\_tcl_data\msgs\cs.msg
   Compressing: C:\Users\LAMB\Desktop\qcs_sage\packaging\dist\QCS\_internal\_tcl_data\msgs\da.msg
   Compressing: C:\Users\LAMB\Desktop\qcs_sage\packaging\dist\QCS\_internal\_tcl_data\msgs\de.msg
   Compressing: C:\Users\LAMB\Desktop\qcs_sage\packaging\dist\QCS\_internal\_tcl_data\msgs\de_at.msg
   Compressing: C:\Users\LAMB\Desktop\qcs_sage\packaging\dist\QCS\_internal\_tcl_data\msgs\de_be.msg
   Compressing: C:\Users\LAMB\Desktop\qcs_sage\packaging\dist\QCS\_internal\_tcl_data\msgs\el.msg
   Compressing: C:\Users\LAMB\Desktop\qcs_sage\packaging\dist\QCS\_internal\_tcl_data\msgs\en_au.msg
   Compressing: C:\Users\LAMB\Desktop\qcs_sage\packaging\dist\QCS\_internal\_tcl_data\msgs\en_be.msg
   Compressing: C:\Users\LAMB\Desktop\qcs_sage\packaging\dist\QCS\_internal\_tcl_data\msgs\en_bw.msg
   Compressing: C:\Users\LAMB\Desktop\qcs_sage\packaging\dist\QCS\_internal\_tcl_data\msgs\en_ca.msg
   Compressing: C:\Users\LAMB\Desktop\qcs_sage\packaging\dist\QCS\_internal\_tcl_data\msgs\en_gb.msg
   Compressing: C:\Users\LAMB\Desktop\qcs_sage\packaging\dist\QCS\_internal\_tcl_data\msgs\en_hk.msg
   Compressing: C:\Users\LAMB\Desktop\qcs_sage\packaging\dist\QCS\_internal\_tcl_data\msgs\en_ie.msg
   Compressing: C:\Users\LAMB\Desktop\qcs_sage\packaging\dist\QCS\_internal\_tcl_data\msgs\en_in.msg
   Compressing: C:\Users\LAMB\Desktop\qcs_sage\packaging\dist\QCS\_internal\_tcl_data\msgs\en_nz.msg
   Compressing: C:\Users\LAMB\Desktop\qcs_sage\packaging\dist\QCS\_internal\_tcl_data\msgs\en_ph.msg
   Compressing: C:\Users\LAMB\Desktop\qcs_sage\packaging\dist\QCS\_internal\_tcl_data\msgs\en_sg.msg
   Compressing: C:\Users\LAMB\Desktop\qcs_sage\packaging\dist\QCS\_internal\_tcl_data\msgs\en_za.msg
   Compressing: C:\Users\LAMB\Desktop\qcs_sage\packaging\dist\QCS\_internal\_tcl_data\msgs\en_zw.msg
   Compressing: C:\Users\LAMB\Desktop\qcs_sage\packaging\dist\QCS\_internal\_tcl_data\msgs\eo.msg
   Compressing: C:\Users\LAMB\Desktop\qcs_sage\packaging\dist\QCS\_internal\_tcl_data\msgs\es.msg
   Compressing: C:\Users\LAMB\Desktop\qcs_sage\packaging\dist\QCS\_internal\_tcl_data\msgs\es_ar.msg
   Compressing: C:\Users\LAMB\Desktop\qcs_sage\packaging\dist\QCS\_internal\_tcl_data\msgs\es_bo.msg
   Compressing: C:\Users\LAMB\Desktop\qcs_sage\packaging\dist\QCS\_internal\_tcl_data\msgs\es_cl.msg
   Compressing: C:\Users\LAMB\Desktop\qcs_sage\packaging\dist\QCS\_internal\_tcl_data\msgs\es_co.msg
   Compressing: C:\Users\LAMB\Desktop\qcs_sage\packaging\dist\QCS\_internal\_tcl_data\msgs\es_cr.msg
   Compressing: C:\Users\LAMB\Desktop\qcs_sage\packaging\dist\QCS\_internal\_tcl_data\msgs\es_do.msg
   Compressing: C:\Users\LAMB\Desktop\qcs_sage\packaging\dist\QCS\_internal\_tcl_data\msgs\es_ec.msg
   Compressing: C:\Users\LAMB\Desktop\qcs_sage\packaging\dist\QCS\_internal\_tcl_data\msgs\es_gt.msg
   Compressing: C:\Users\LAMB\Desktop\qcs_sage\packaging\dist\QCS\_internal\_tcl_data\msgs\es_hn.msg
   Compressing: C:\Users\LAMB\Desktop\qcs_sage\packaging\dist\QCS\_internal\_tcl_data\msgs\es_mx.msg
   Compressing: C:\Users\LAMB\Desktop\qcs_sage\packaging\dist\QCS\_internal\_tcl_data\msgs\es_ni.msg
   Compressing: C:\Users\LAMB\Desktop\qcs_sage\packaging\dist\QCS\_internal\_tcl_data\msgs\es_pa.msg
   Compressing: C:\Users\LAMB\Desktop\qcs_sage\packaging\dist\QCS\_internal\_tcl_data\msgs\es_pe.msg
   Compressing: C:\Users\LAMB\Desktop\qcs_sage\packaging\dist\QCS\_internal\_tcl_data\msgs\es_pr.msg
   Compressing: C:\Users\LAMB\Desktop\qcs_sage\packaging\dist\QCS\_internal\_tcl_data\msgs\es_py.msg
   Compressing: C:\Users\LAMB\Desktop\qcs_sage\packaging\dist\QCS\_internal\_tcl_data\msgs\es_sv.msg
   Compressing: C:\Users\LAMB\Desktop\qcs_sage\packaging\dist\QCS\_internal\_tcl_data\msgs\es_uy.msg
   Compressing: C:\Users\LAMB\Desktop\qcs_sage\packaging\dist\QCS\_internal\_tcl_data\msgs\es_ve.msg
   Compressing: C:\Users\LAMB\Desktop\qcs_sage\packaging\dist\QCS\_internal\_tcl_data\msgs\et.msg
   Compressing: C:\Users\LAMB\Desktop\qcs_sage\packaging\dist\QCS\_internal\_tcl_data\msgs\eu.msg
   Compressing: C:\Users\LAMB\Desktop\qcs_sage\packaging\dist\QCS\_internal\_tcl_data\msgs\eu_es.msg
   Compressing: C:\Users\LAMB\Desktop\qcs_sage\packaging\dist\QCS\_internal\_tcl_data\msgs\fa.msg
   Compressing: C:\Users\LAMB\Desktop\qcs_sage\packaging\dist\QCS\_internal\_tcl_data\msgs\fa_in.msg
   Compressing: C:\Users\LAMB\Desktop\qcs_sage\packaging\dist\QCS\_internal\_tcl_data\msgs\fa_ir.msg
   Compressing: C:\Users\LAMB\Desktop\qcs_sage\packaging\dist\QCS\_internal\_tcl_data\msgs\fi.msg
   Compressing: C:\Users\LAMB\Desktop\qcs_sage\packaging\dist\QCS\_internal\_tcl_data\msgs\fo.msg
   Compressing: C:\Users\LAMB\Desktop\qcs_sage\packaging\dist\QCS\_internal\_tcl_data\msgs\fo_fo.msg
   Compressing: C:\Users\LAMB\Desktop\qcs_sage\packaging\dist\QCS\_internal\_tcl_data\msgs\fr.msg
   Compressing: C:\Users\LAMB\Desktop\qcs_sage\packaging\dist\QCS\_internal\_tcl_data\msgs\fr_be.msg
   Compressing: C:\Users\LAMB\Desktop\qcs_sage\packaging\dist\QCS\_internal\_tcl_data\msgs\fr_ca.msg
   Compressing: C:\Users\LAMB\Desktop\qcs_sage\packaging\dist\QCS\_internal\_tcl_data\msgs\fr_ch.msg
   Compressing: C:\Users\LAMB\Desktop\qcs_sage\packaging\dist\QCS\_internal\_tcl_data\msgs\ga.msg
   Compressing: C:\Users\LAMB\Desktop\qcs_sage\packaging\dist\QCS\_internal\_tcl_data\msgs\ga_ie.msg
   Compressing: C:\Users\LAMB\Desktop\qcs_sage\packaging\dist\QCS\_internal\_tcl_data\msgs\gl.msg
   Compressing: C:\Users\LAMB\Desktop\qcs_sage\packaging\dist\QCS\_internal\_tcl_data\msgs\gl_es.msg
   Compressing: C:\Users\LAMB\Desktop\qcs_sage\packaging\dist\QCS\_internal\_tcl_data\msgs\gv.msg
   Compressing: C:\Users\LAMB\Desktop\qcs_sage\packaging\dist\QCS\_internal\_tcl_data\msgs\gv_gb.msg
   Compressing: C:\Users\LAMB\Desktop\qcs_sage\packaging\dist\QCS\_internal\_tcl_data\msgs\he.msg
   Compressing: C:\Users\LAMB\Desktop\qcs_sage\packaging\dist\QCS\_internal\_tcl_data\msgs\hi.msg
   Compressing: C:\Users\LAMB\Desktop\qcs_sage\packaging\dist\QCS\_internal\_tcl_data\msgs\hi_in.msg
   Compressing: C:\Users\LAMB\Desktop\qcs_sage\packaging\dist\QCS\_internal\_tcl_data\msgs\hr.msg
   Compressing: C:\Users\LAMB\Desktop\qcs_sage\packaging\dist\QCS\_internal\_tcl_data\msgs\hu.msg
   Compressing: C:\Users\LAMB\Desktop\qcs_sage\packaging\dist\QCS\_internal\_tcl_data\msgs\id.msg
   Compressing: C:\Users\LAMB\Desktop\qcs_sage\packaging\dist\QCS\_internal\_tcl_data\msgs\id_id.msg
   Compressing: C:\Users\LAMB\Desktop\qcs_sage\packaging\dist\QCS\_internal\_tcl_data\msgs\is.msg
   Compressing: C:\Users\LAMB\Desktop\qcs_sage\packaging\dist\QCS\_internal\_tcl_data\msgs\it.msg
   Compressing: C:\Users\LAMB\Desktop\qcs_sage\packaging\dist\QCS\_internal\_tcl_data\msgs\it_ch.msg
   Compressing: C:\Users\LAMB\Desktop\qcs_sage\packaging\dist\QCS\_internal\_tcl_data\msgs\ja.msg
   Compressing: C:\Users\LAMB\Desktop\qcs_sage\packaging\dist\QCS\_internal\_tcl_data\msgs\kl.msg
   Compressing: C:\Users\LAMB\Desktop\qcs_sage\packaging\dist\QCS\_internal\_tcl_data\msgs\kl_gl.msg
   Compressing: C:\Users\LAMB\Desktop\qcs_sage\packaging\dist\QCS\_internal\_tcl_data\msgs\ko.msg
   Compressing: C:\Users\LAMB\Desktop\qcs_sage\packaging\dist\QCS\_internal\_tcl_data\msgs\kok.msg
   Compressing: C:\Users\LAMB\Desktop\qcs_sage\packaging\dist\QCS\_internal\_tcl_data\msgs\kok_in.msg
   Compressing: C:\Users\LAMB\Desktop\qcs_sage\packaging\dist\QCS\_internal\_tcl_data\msgs\ko_kr.msg
   Compressing: C:\Users\LAMB\Desktop\qcs_sage\packaging\dist\QCS\_internal\_tcl_data\msgs\kw.msg
   Compressing: C:\Users\LAMB\Desktop\qcs_sage\packaging\dist\QCS\_internal\_tcl_data\msgs\kw_gb.msg
   Compressing: C:\Users\LAMB\Desktop\qcs_sage\packaging\dist\QCS\_internal\_tcl_data\msgs\lt.msg
   Compressing: C:\Users\LAMB\Desktop\qcs_sage\packaging\dist\QCS\_internal\_tcl_data\msgs\lv.msg
   Compressing: C:\Users\LAMB\Desktop\qcs_sage\packaging\dist\QCS\_internal\_tcl_data\msgs\mk.msg
   Compressing: C:\Users\LAMB\Desktop\qcs_sage\packaging\dist\QCS\_internal\_tcl_data\msgs\mr.msg
   Compressing: C:\Users\LAMB\Desktop\qcs_sage\packaging\dist\QCS\_internal\_tcl_data\msgs\mr_in.msg
   Compressing: C:\Users\LAMB\Desktop\qcs_sage\packaging\dist\QCS\_internal\_tcl_data\msgs\ms.msg
   Compressing: C:\Users\LAMB\Desktop\qcs_sage\packaging\dist\QCS\_internal\_tcl_data\msgs\ms_my.msg
   Compressing: C:\Users\LAMB\Desktop\qcs_sage\packaging\dist\QCS\_internal\_tcl_data\msgs\mt.msg
   Compressing: C:\Users\LAMB\Desktop\qcs_sage\packaging\dist\QCS\_internal\_tcl_data\msgs\nb.msg
   Compressing: C:\Users\LAMB\Desktop\qcs_sage\packaging\dist\QCS\_internal\_tcl_data\msgs\nl.msg
   Compressing: C:\Users\LAMB\Desktop\qcs_sage\packaging\dist\QCS\_internal\_tcl_data\msgs\nl_be.msg
   Compressing: C:\Users\LAMB\Desktop\qcs_sage\packaging\dist\QCS\_internal\_tcl_data\msgs\nn.msg
   Compressing: C:\Users\LAMB\Desktop\qcs_sage\packaging\dist\QCS\_internal\_tcl_data\msgs\pl.msg
   Compressing: C:\Users\LAMB\Desktop\qcs_sage\packaging\dist\QCS\_internal\_tcl_data\msgs\pt.msg
   Compressing: C:\Users\LAMB\Desktop\qcs_sage\packaging\dist\QCS\_internal\_tcl_data\msgs\pt_br.msg
   Compressing: C:\Users\LAMB\Desktop\qcs_sage\packaging\dist\QCS\_internal\_tcl_data\msgs\ro.msg
   Compressing: C:\Users\LAMB\Desktop\qcs_sage\packaging\dist\QCS\_internal\_tcl_data\msgs\ru.msg
   Compressing: C:\Users\LAMB\Desktop\qcs_sage\packaging\dist\QCS\_internal\_tcl_data\msgs\ru_ua.msg
   Compressing: C:\Users\LAMB\Desktop\qcs_sage\packaging\dist\QCS\_internal\_tcl_data\msgs\sh.msg
   Compressing: C:\Users\LAMB\Desktop\qcs_sage\packaging\dist\QCS\_internal\_tcl_data\msgs\sk.msg
   Compressing: C:\Users\LAMB\Desktop\qcs_sage\packaging\dist\QCS\_internal\_tcl_data\msgs\sl.msg
   Compressing: C:\Users\LAMB\Desktop\qcs_sage\packaging\dist\QCS\_internal\_tcl_data\msgs\sq.msg
   Compressing: C:\Users\LAMB\Desktop\qcs_sage\packaging\dist\QCS\_internal\_tcl_data\msgs\sr.msg
   Compressing: C:\Users\LAMB\Desktop\qcs_sage\packaging\dist\QCS\_internal\_tcl_data\msgs\sv.msg
   Compressing: C:\Users\LAMB\Desktop\qcs_sage\packaging\dist\QCS\_internal\_tcl_data\msgs\sw.msg
   Compressing: C:\Users\LAMB\Desktop\qcs_sage\packaging\dist\QCS\_internal\_tcl_data\msgs\ta.msg
   Compressing: C:\Users\LAMB\Desktop\qcs_sage\packaging\dist\QCS\_internal\_tcl_data\msgs\ta_in.msg
   Compressing: C:\Users\LAMB\Desktop\qcs_sage\packaging\dist\QCS\_internal\_tcl_data\msgs\te.msg
   Compressing: C:\Users\LAMB\Desktop\qcs_sage\packaging\dist\QCS\_internal\_tcl_data\msgs\te_in.msg
   Compressing: C:\Users\LAMB\Desktop\qcs_sage\packaging\dist\QCS\_internal\_tcl_data\msgs\th.msg
   Compressing: C:\Users\LAMB\Desktop\qcs_sage\packaging\dist\QCS\_internal\_tcl_data\msgs\tr.msg
   Compressing: C:\Users\LAMB\Desktop\qcs_sage\packaging\dist\QCS\_internal\_tcl_data\msgs\uk.msg
   Compressing: C:\Users\LAMB\Desktop\qcs_sage\packaging\dist\QCS\_internal\_tcl_data\msgs\vi.msg
   Compressing: C:\Users\LAMB\Desktop\qcs_sage\packaging\dist\QCS\_internal\_tcl_data\msgs\zh.msg
   Compressing: C:\Users\LAMB\Desktop\qcs_sage\packaging\dist\QCS\_internal\_tcl_data\msgs\zh_cn.msg
   Compressing: C:\Users\LAMB\Desktop\qcs_sage\packaging\dist\QCS\_internal\_tcl_data\msgs\zh_hk.msg
   Compressing: C:\Users\LAMB\Desktop\qcs_sage\packaging\dist\QCS\_internal\_tcl_data\msgs\zh_sg.msg
   Compressing: C:\Users\LAMB\Desktop\qcs_sage\packaging\dist\QCS\_internal\_tcl_data\msgs\zh_tw.msg
   Compressing: C:\Users\LAMB\Desktop\qcs_sage\packaging\dist\QCS\_internal\_tcl_data\opt0.4\optparse.tcl
   Compressing: C:\Users\LAMB\Desktop\qcs_sage\packaging\dist\QCS\_internal\_tcl_data\opt0.4\pkgIndex.tcl
   Compressing: C:\Users\LAMB\Desktop\qcs_sage\packaging\dist\QCS\_internal\_tcl_data\tzdata\CET
   Compressing: C:\Users\LAMB\Desktop\qcs_sage\packaging\dist\QCS\_internal\_tcl_data\tzdata\CST6CDT
   Compressing: C:\Users\LAMB\Desktop\qcs_sage\packaging\dist\QCS\_internal\_tcl_data\tzdata\Cuba
   Compressing: C:\Users\LAMB\Desktop\qcs_sage\packaging\dist\QCS\_internal\_tcl_data\tzdata\EET
   Compressing: C:\Users\LAMB\Desktop\qcs_sage\packaging\dist\QCS\_internal\_tcl_data\tzdata\Egypt
   Compressing: C:\Users\LAMB\Desktop\qcs_sage\packaging\dist\QCS\_internal\_tcl_data\tzdata\Eire
   Compressing: C:\Users\LAMB\Desktop\qcs_sage\packaging\dist\QCS\_internal\_tcl_data\tzdata\EST
   Compressing: C:\Users\LAMB\Desktop\qcs_sage\packaging\dist\QCS\_internal\_tcl_data\tzdata\EST5EDT
   Compressing: C:\Users\LAMB\Desktop\qcs_sage\packaging\dist\QCS\_internal\_tcl_data\tzdata\GB
   Compressing: C:\Users\LAMB\Desktop\qcs_sage\packaging\dist\QCS\_internal\_tcl_data\tzdata\GB-Eire
   Compressing: C:\Users\LAMB\Desktop\qcs_sage\packaging\dist\QCS\_internal\_tcl_data\tzdata\GMT
   Compressing: C:\Users\LAMB\Desktop\qcs_sage\packaging\dist\QCS\_internal\_tcl_data\tzdata\GMT+0
   Compressing: C:\Users\LAMB\Desktop\qcs_sage\packaging\dist\QCS\_internal\_tcl_data\tzdata\GMT-0
   Compressing: C:\Users\LAMB\Desktop\qcs_sage\packaging\dist\QCS\_internal\_tcl_data\tzdata\GMT0
   Compressing: C:\Users\LAMB\Desktop\qcs_sage\packaging\dist\QCS\_internal\_tcl_data\tzdata\Greenwich
   Compressing: C:\Users\LAMB\Desktop\qcs_sage\packaging\dist\QCS\_internal\_tcl_data\tzdata\Hongkong
   Compressing: C:\Users\LAMB\Desktop\qcs_sage\packaging\dist\QCS\_internal\_tcl_data\tzdata\HST
   Compressing: C:\Users\LAMB\Desktop\qcs_sage\packaging\dist\QCS\_internal\_tcl_data\tzdata\Iceland
   Compressing: C:\Users\LAMB\Desktop\qcs_sage\packaging\dist\QCS\_internal\_tcl_data\tzdata\Iran
   Compressing: C:\Users\LAMB\Desktop\qcs_sage\packaging\dist\QCS\_internal\_tcl_data\tzdata\Israel
   Compressing: C:\Users\LAMB\Desktop\qcs_sage\packaging\dist\QCS\_internal\_tcl_data\tzdata\Jamaica
   Compressing: C:\Users\LAMB\Desktop\qcs_sage\packaging\dist\QCS\_internal\_tcl_data\tzdata\Japan
   Compressing: C:\Users\LAMB\Desktop\qcs_sage\packaging\dist\QCS\_internal\_tcl_data\tzdata\Kwajalein
   Compressing: C:\Users\LAMB\Desktop\qcs_sage\packaging\dist\QCS\_internal\_tcl_data\tzdata\Libya
   Compressing: C:\Users\LAMB\Desktop\qcs_sage\packaging\dist\QCS\_internal\_tcl_data\tzdata\MET
   Compressing: C:\Users\LAMB\Desktop\qcs_sage\packaging\dist\QCS\_internal\_tcl_data\tzdata\MST
   Compressing: C:\Users\LAMB\Desktop\qcs_sage\packaging\dist\QCS\_internal\_tcl_data\tzdata\MST7MDT
   Compressing: C:\Users\LAMB\Desktop\qcs_sage\packaging\dist\QCS\_internal\_tcl_data\tzdata\Navajo
   Compressing: C:\Users\LAMB\Desktop\qcs_sage\packaging\dist\QCS\_internal\_tcl_data\tzdata\NZ
   Compressing: C:\Users\LAMB\Desktop\qcs_sage\packaging\dist\QCS\_internal\_tcl_data\tzdata\NZ-CHAT
   Compressing: C:\Users\LAMB\Desktop\qcs_sage\packaging\dist\QCS\_internal\_tcl_data\tzdata\Poland
   Compressing: C:\Users\LAMB\Desktop\qcs_sage\packaging\dist\QCS\_internal\_tcl_data\tzdata\Portugal
   Compressing: C:\Users\LAMB\Desktop\qcs_sage\packaging\dist\QCS\_internal\_tcl_data\tzdata\PRC
   Compressing: C:\Users\LAMB\Desktop\qcs_sage\packaging\dist\QCS\_internal\_tcl_data\tzdata\PST8PDT
   Compressing: C:\Users\LAMB\Desktop\qcs_sage\packaging\dist\QCS\_internal\_tcl_data\tzdata\ROC
   Compressing: C:\Users\LAMB\Desktop\qcs_sage\packaging\dist\QCS\_internal\_tcl_data\tzdata\ROK
   Compressing: C:\Users\LAMB\Desktop\qcs_sage\packaging\dist\QCS\_internal\_tcl_data\tzdata\Singapore
   Compressing: C:\Users\LAMB\Desktop\qcs_sage\packaging\dist\QCS\_internal\_tcl_data\tzdata\Turkey
   Compressing: C:\Users\LAMB\Desktop\qcs_sage\packaging\dist\QCS\_internal\_tcl_data\tzdata\UCT
   Compressing: C:\Users\LAMB\Desktop\qcs_sage\packaging\dist\QCS\_internal\_tcl_data\tzdata\Universal
   Compressing: C:\Users\LAMB\Desktop\qcs_sage\packaging\dist\QCS\_internal\_tcl_data\tzdata\UTC
   Compressing: C:\Users\LAMB\Desktop\qcs_sage\packaging\dist\QCS\_internal\_tcl_data\tzdata\W-SU
   Compressing: C:\Users\LAMB\Desktop\qcs_sage\packaging\dist\QCS\_internal\_tcl_data\tzdata\WET
   Compressing: C:\Users\LAMB\Desktop\qcs_sage\packaging\dist\QCS\_internal\_tcl_data\tzdata\Zulu
   Compressing: C:\Users\LAMB\Desktop\qcs_sage\packaging\dist\QCS\_internal\_tcl_data\tzdata\Africa\Abidjan
   Compressing: C:\Users\LAMB\Desktop\qcs_sage\packaging\dist\QCS\_internal\_tcl_data\tzdata\Africa\Accra
   Compressing: C:\Users\LAMB\Desktop\qcs_sage\packaging\dist\QCS\_internal\_tcl_data\tzdata\Africa\Addis_Ababa
   Compressing: C:\Users\LAMB\Desktop\qcs_sage\packaging\dist\QCS\_internal\_tcl_data\tzdata\Africa\Algiers
   Compressing: C:\Users\LAMB\Desktop\qcs_sage\packaging\dist\QCS\_internal\_tcl_data\tzdata\Africa\Asmara
   Compressing: C:\Users\LAMB\Desktop\qcs_sage\packaging\dist\QCS\_internal\_tcl_data\tzdata\Africa\Asmera
   Compressing: C:\Users\LAMB\Desktop\qcs_sage\packaging\dist\QCS\_internal\_tcl_data\tzdata\Africa\Bamako
   Compressing: C:\Users\LAMB\Desktop\qcs_sage\packaging\dist\QCS\_internal\_tcl_data\tzdata\Africa\Bangui
   Compressing: C:\Users\LAMB\Desktop\qcs_sage\packaging\dist\QCS\_internal\_tcl_data\tzdata\Africa\Banjul
   Compressing: C:\Users\LAMB\Desktop\qcs_sage\packaging\dist\QCS\_internal\_tcl_data\tzdata\Africa\Bissau
   Compressing: C:\Users\LAMB\Desktop\qcs_sage\packaging\dist\QCS\_internal\_tcl_data\tzdata\Africa\Blantyre
   Compressing: C:\Users\LAMB\Desktop\qcs_sage\packaging\dist\QCS\_internal\_tcl_data\tzdata\Africa\Brazzaville
   Compressing: C:\Users\LAMB\Desktop\qcs_sage\packaging\dist\QCS\_internal\_tcl_data\tzdata\Africa\Bujumbura
   Compressing: C:\Users\LAMB\Desktop\qcs_sage\packaging\dist\QCS\_internal\_tcl_data\tzdata\Africa\Cairo
   Compressing: C:\Users\LAMB\Desktop\qcs_sage\packaging\dist\QCS\_internal\_tcl_data\tzdata\Africa\Casablanca
   Compressing: C:\Users\LAMB\Desktop\qcs_sage\packaging\dist\QCS\_internal\_tcl_data\tzdata\Africa\Ceuta
   Compressing: C:\Users\LAMB\Desktop\qcs_sage\packaging\dist\QCS\_internal\_tcl_data\tzdata\Africa\Conakry
   Compressing: C:\Users\LAMB\Desktop\qcs_sage\packaging\dist\QCS\_internal\_tcl_data\tzdata\Africa\Dakar
   Compressing: C:\Users\LAMB\Desktop\qcs_sage\packaging\dist\QCS\_internal\_tcl_data\tzdata\Africa\Dar_es_Salaam
   Compressing: C:\Users\LAMB\Desktop\qcs_sage\packaging\dist\QCS\_internal\_tcl_data\tzdata\Africa\Djibouti
   Compressing: C:\Users\LAMB\Desktop\qcs_sage\packaging\dist\QCS\_internal\_tcl_data\tzdata\Africa\Douala
   Compressing: C:\Users\LAMB\Desktop\qcs_sage\packaging\dist\QCS\_internal\_tcl_data\tzdata\Africa\El_Aaiun
   Compressing: C:\Users\LAMB\Desktop\qcs_sage\packaging\dist\QCS\_internal\_tcl_data\tzdata\Africa\Freetown
   Compressing: C:\Users\LAMB\Desktop\qcs_sage\packaging\dist\QCS\_internal\_tcl_data\tzdata\Africa\Gaborone
   Compressing: C:\Users\LAMB\Desktop\qcs_sage\packaging\dist\QCS\_internal\_tcl_data\tzdata\Africa\Harare
   Compressing: C:\Users\LAMB\Desktop\qcs_sage\packaging\dist\QCS\_internal\_tcl_data\tzdata\Africa\Johannesburg
   Compressing: C:\Users\LAMB\Desktop\qcs_sage\packaging\dist\QCS\_internal\_tcl_data\tzdata\Africa\Juba
   Compressing: C:\Users\LAMB\Desktop\qcs_sage\packaging\dist\QCS\_internal\_tcl_data\tzdata\Africa\Kampala
   Compressing: C:\Users\LAMB\Desktop\qcs_sage\packaging\dist\QCS\_internal\_tcl_data\tzdata\Africa\Khartoum
   Compressing: C:\Users\LAMB\Desktop\qcs_sage\packaging\dist\QCS\_internal\_tcl_data\tzdata\Africa\Kigali
   Compressing: C:\Users\LAMB\Desktop\qcs_sage\packaging\dist\QCS\_internal\_tcl_data\tzdata\Africa\Kinshasa
   Compressing: C:\Users\LAMB\Desktop\qcs_sage\packaging\dist\QCS\_internal\_tcl_data\tzdata\Africa\Lagos
   Compressing: C:\Users\LAMB\Desktop\qcs_sage\packaging\dist\QCS\_internal\_tcl_data\tzdata\Africa\Libreville
   Compressing: C:\Users\LAMB\Desktop\qcs_sage\packaging\dist\QCS\_internal\_tcl_data\tzdata\Africa\Lome
   Compressing: C:\Users\LAMB\Desktop\qcs_sage\packaging\dist\QCS\_internal\_tcl_data\tzdata\Africa\Luanda
   Compressing: C:\Users\LAMB\Desktop\qcs_sage\packaging\dist\QCS\_internal\_tcl_data\tzdata\Africa\Lubumbashi
   Compressing: C:\Users\LAMB\Desktop\qcs_sage\packaging\dist\QCS\_internal\_tcl_data\tzdata\Africa\Lusaka
   Compressing: C:\Users\LAMB\Desktop\qcs_sage\packaging\dist\QCS\_internal\_tcl_data\tzdata\Africa\Malabo
   Compressing: C:\Users\LAMB\Desktop\qcs_sage\packaging\dist\QCS\_internal\_tcl_data\tzdata\Africa\Maputo
   Compressing: C:\Users\LAMB\Desktop\qcs_sage\packaging\dist\QCS\_internal\_tcl_data\tzdata\Africa\Maseru
   Compressing: C:\Users\LAMB\Desktop\qcs_sage\packaging\dist\QCS\_internal\_tcl_data\tzdata\Africa\Mbabane
   Compressing: C:\Users\LAMB\Desktop\qcs_sage\packaging\dist\QCS\_internal\_tcl_data\tzdata\Africa\Mogadishu
   Compressing: C:\Users\LAMB\Desktop\qcs_sage\packaging\dist\QCS\_internal\_tcl_data\tzdata\Africa\Monrovia
   Compressing: C:\Users\LAMB\Desktop\qcs_sage\packaging\dist\QCS\_internal\_tcl_data\tzdata\Africa\Nairobi
   Compressing: C:\Users\LAMB\Desktop\qcs_sage\packaging\dist\QCS\_internal\_tcl_data\tzdata\Africa\Ndjamena
   Compressing: C:\Users\LAMB\Desktop\qcs_sage\packaging\dist\QCS\_internal\_tcl_data\tzdata\Africa\Niamey
   Compressing: C:\Users\LAMB\Desktop\qcs_sage\packaging\dist\QCS\_internal\_tcl_data\tzdata\Africa\Nouakchott
   Compressing: C:\Users\LAMB\Desktop\qcs_sage\packaging\dist\QCS\_internal\_tcl_data\tzdata\Africa\Ouagadougou
   Compressing: C:\Users\LAMB\Desktop\qcs_sage\packaging\dist\QCS\_internal\_tcl_data\tzdata\Africa\Porto-Novo
   Compressing: C:\Users\LAMB\Desktop\qcs_sage\packaging\dist\QCS\_internal\_tcl_data\tzdata\Africa\Sao_Tome
   Compressing: C:\Users\LAMB\Desktop\qcs_sage\packaging\dist\QCS\_internal\_tcl_data\tzdata\Africa\Timbuktu
   Compressing: C:\Users\LAMB\Desktop\qcs_sage\packaging\dist\QCS\_internal\_tcl_data\tzdata\Africa\Tripoli
   Compressing: C:\Users\LAMB\Desktop\qcs_sage\packaging\dist\QCS\_internal\_tcl_data\tzdata\Africa\Tunis
   Compressing: C:\Users\LAMB\Desktop\qcs_sage\packaging\dist\QCS\_internal\_tcl_data\tzdata\Africa\Windhoek
   Compressing: C:\Users\LAMB\Desktop\qcs_sage\packaging\dist\QCS\_internal\_tcl_data\tzdata\America\Adak
   Compressing: C:\Users\LAMB\Desktop\qcs_sage\packaging\dist\QCS\_internal\_tcl_data\tzdata\America\Anchorage
   Compressing: C:\Users\LAMB\Desktop\qcs_sage\packaging\dist\QCS\_internal\_tcl_data\tzdata\America\Anguilla
   Compressing: C:\Users\LAMB\Desktop\qcs_sage\packaging\dist\QCS\_internal\_tcl_data\tzdata\America\Antigua
   Compressing: C:\Users\LAMB\Desktop\qcs_sage\packaging\dist\QCS\_internal\_tcl_data\tzdata\America\Araguaina
   Compressing: C:\Users\LAMB\Desktop\qcs_sage\packaging\dist\QCS\_internal\_tcl_data\tzdata\America\Aruba
   Compressing: C:\Users\LAMB\Desktop\qcs_sage\packaging\dist\QCS\_internal\_tcl_data\tzdata\America\Asuncion
   Compressing: C:\Users\LAMB\Desktop\qcs_sage\packaging\dist\QCS\_internal\_tcl_data\tzdata\America\Atikokan
   Compressing: C:\Users\LAMB\Desktop\qcs_sage\packaging\dist\QCS\_internal\_tcl_data\tzdata\America\Atka
   Compressing: C:\Users\LAMB\Desktop\qcs_sage\packaging\dist\QCS\_internal\_tcl_data\tzdata\America\Bahia
   Compressing: C:\Users\LAMB\Desktop\qcs_sage\packaging\dist\QCS\_internal\_tcl_data\tzdata\America\Bahia_Banderas
   Compressing: C:\Users\LAMB\Desktop\qcs_sage\packaging\dist\QCS\_internal\_tcl_data\tzdata\America\Barbados
   Compressing: C:\Users\LAMB\Desktop\qcs_sage\packaging\dist\QCS\_internal\_tcl_data\tzdata\America\Belem
   Compressing: C:\Users\LAMB\Desktop\qcs_sage\packaging\dist\QCS\_internal\_tcl_data\tzdata\America\Belize
   Compressing: C:\Users\LAMB\Desktop\qcs_sage\packaging\dist\QCS\_internal\_tcl_data\tzdata\America\Blanc-Sablon
   Compressing: C:\Users\LAMB\Desktop\qcs_sage\packaging\dist\QCS\_internal\_tcl_data\tzdata\America\Boa_Vista
   Compressing: C:\Users\LAMB\Desktop\qcs_sage\packaging\dist\QCS\_internal\_tcl_data\tzdata\America\Bogota
   Compressing: C:\Users\LAMB\Desktop\qcs_sage\packaging\dist\QCS\_internal\_tcl_data\tzdata\America\Boise
   Compressing: C:\Users\LAMB\Desktop\qcs_sage\packaging\dist\QCS\_internal\_tcl_data\tzdata\America\Buenos_Aires
   Compressing: C:\Users\LAMB\Desktop\qcs_sage\packaging\dist\QCS\_internal\_tcl_data\tzdata\America\Cambridge_Bay
   Compressing: C:\Users\LAMB\Desktop\qcs_sage\packaging\dist\QCS\_internal\_tcl_data\tzdata\America\Campo_Grande
   Compressing: C:\Users\LAMB\Desktop\qcs_sage\packaging\dist\QCS\_internal\_tcl_data\tzdata\America\Cancun
   Compressing: C:\Users\LAMB\Desktop\qcs_sage\packaging\dist\QCS\_internal\_tcl_data\tzdata\America\Caracas
   Compressing: C:\Users\LAMB\Desktop\qcs_sage\packaging\dist\QCS\_internal\_tcl_data\tzdata\America\Catamarca
   Compressing: C:\Users\LAMB\Desktop\qcs_sage\packaging\dist\QCS\_internal\_tcl_data\tzdata\America\Cayenne
   Compressing: C:\Users\LAMB\Desktop\qcs_sage\packaging\dist\QCS\_internal\_tcl_data\tzdata\America\Cayman
   Compressing: C:\Users\LAMB\Desktop\qcs_sage\packaging\dist\QCS\_internal\_tcl_data\tzdata\America\Chicago
   Compressing: C:\Users\LAMB\Desktop\qcs_sage\packaging\dist\QCS\_internal\_tcl_data\tzdata\America\Chihuahua
   Compressing: C:\Users\LAMB\Desktop\qcs_sage\packaging\dist\QCS\_internal\_tcl_data\tzdata\America\Ciudad_Juarez
   Compressing: C:\Users\LAMB\Desktop\qcs_sage\packaging\dist\QCS\_internal\_tcl_data\tzdata\America\Coral_Harbour
   Compressing: C:\Users\LAMB\Desktop\qcs_sage\packaging\dist\QCS\_internal\_tcl_data\tzdata\America\Cordoba
   Compressing: C:\Users\LAMB\Desktop\qcs_sage\packaging\dist\QCS\_internal\_tcl_data\tzdata\America\Costa_Rica
   Compressing: C:\Users\LAMB\Desktop\qcs_sage\packaging\dist\QCS\_internal\_tcl_data\tzdata\America\Creston
   Compressing: C:\Users\LAMB\Desktop\qcs_sage\packaging\dist\QCS\_internal\_tcl_data\tzdata\America\Cuiaba
   Compressing: C:\Users\LAMB\Desktop\qcs_sage\packaging\dist\QCS\_internal\_tcl_data\tzdata\America\Curacao
   Compressing: C:\Users\LAMB\Desktop\qcs_sage\packaging\dist\QCS\_internal\_tcl_data\tzdata\America\Danmarkshavn
   Compressing: C:\Users\LAMB\Desktop\qcs_sage\packaging\dist\QCS\_internal\_tcl_data\tzdata\America\Dawson
   Compressing: C:\Users\LAMB\Desktop\qcs_sage\packaging\dist\QCS\_internal\_tcl_data\tzdata\America\Dawson_Creek
   Compressing: C:\Users\LAMB\Desktop\qcs_sage\packaging\dist\QCS\_internal\_tcl_data\tzdata\America\Denver
   Compressing: C:\Users\LAMB\Desktop\qcs_sage\packaging\dist\QCS\_internal\_tcl_data\tzdata\America\Detroit
   Compressing: C:\Users\LAMB\Desktop\qcs_sage\packaging\dist\QCS\_internal\_tcl_data\tzdata\America\Dominica
   Compressing: C:\Users\LAMB\Desktop\qcs_sage\packaging\dist\QCS\_internal\_tcl_data\tzdata\America\Edmonton
   Compressing: C:\Users\LAMB\Desktop\qcs_sage\packaging\dist\QCS\_internal\_tcl_data\tzdata\America\Eirunepe
   Compressing: C:\Users\LAMB\Desktop\qcs_sage\packaging\dist\QCS\_internal\_tcl_data\tzdata\America\El_Salvador
   Compressing: C:\Users\LAMB\Desktop\qcs_sage\packaging\dist\QCS\_internal\_tcl_data\tzdata\America\Ensenada
   Compressing: C:\Users\LAMB\Desktop\qcs_sage\packaging\dist\QCS\_internal\_tcl_data\tzdata\America\Fortaleza
   Compressing: C:\Users\LAMB\Desktop\qcs_sage\packaging\dist\QCS\_internal\_tcl_data\tzdata\America\Fort_Nelson
   Compressing: C:\Users\LAMB\Desktop\qcs_sage\packaging\dist\QCS\_internal\_tcl_data\tzdata\America\Fort_Wayne
   Compressing: C:\Users\LAMB\Desktop\qcs_sage\packaging\dist\QCS\_internal\_tcl_data\tzdata\America\Glace_Bay
   Compressing: C:\Users\LAMB\Desktop\qcs_sage\packaging\dist\QCS\_internal\_tcl_data\tzdata\America\Godthab
   Compressing: C:\Users\LAMB\Desktop\qcs_sage\packaging\dist\QCS\_internal\_tcl_data\tzdata\America\Goose_Bay
   Compressing: C:\Users\LAMB\Desktop\qcs_sage\packaging\dist\QCS\_internal\_tcl_data\tzdata\America\Grand_Turk
   Compressing: C:\Users\LAMB\Desktop\qcs_sage\packaging\dist\QCS\_internal\_tcl_data\tzdata\America\Grenada
   Compressing: C:\Users\LAMB\Desktop\qcs_sage\packaging\dist\QCS\_internal\_tcl_data\tzdata\America\Guadeloupe
   Compressing: C:\Users\LAMB\Desktop\qcs_sage\packaging\dist\QCS\_internal\_tcl_data\tzdata\America\Guatemala
   Compressing: C:\Users\LAMB\Desktop\qcs_sage\packaging\dist\QCS\_internal\_tcl_data\tzdata\America\Guayaquil
   Compressing: C:\Users\LAMB\Desktop\qcs_sage\packaging\dist\QCS\_internal\_tcl_data\tzdata\America\Guyana
   Compressing: C:\Users\LAMB\Desktop\qcs_sage\packaging\dist\QCS\_internal\_tcl_data\tzdata\America\Halifax
   Compressing: C:\Users\LAMB\Desktop\qcs_sage\packaging\dist\QCS\_internal\_tcl_data\tzdata\America\Havana
   Compressing: C:\Users\LAMB\Desktop\qcs_sage\packaging\dist\QCS\_internal\_tcl_data\tzdata\America\Hermosillo
   Compressing: C:\Users\LAMB\Desktop\qcs_sage\packaging\dist\QCS\_internal\_tcl_data\tzdata\America\Indianapolis
   Compressing: C:\Users\LAMB\Desktop\qcs_sage\packaging\dist\QCS\_internal\_tcl_data\tzdata\America\Inuvik
   Compressing: C:\Users\LAMB\Desktop\qcs_sage\packaging\dist\QCS\_internal\_tcl_data\tzdata\America\Iqaluit
   Compressing: C:\Users\LAMB\Desktop\qcs_sage\packaging\dist\QCS\_internal\_tcl_data\tzdata\America\Jamaica
   Compressing: C:\Users\LAMB\Desktop\qcs_sage\packaging\dist\QCS\_internal\_tcl_data\tzdata\America\Jujuy
   Compressing: C:\Users\LAMB\Desktop\qcs_sage\packaging\dist\QCS\_internal\_tcl_data\tzdata\America\Juneau
   Compressing: C:\Users\LAMB\Desktop\qcs_sage\packaging\dist\QCS\_internal\_tcl_data\tzdata\America\Knox_IN
   Compressing: C:\Users\LAMB\Desktop\qcs_sage\packaging\dist\QCS\_internal\_tcl_data\tzdata\America\Kralendijk
   Compressing: C:\Users\LAMB\Desktop\qcs_sage\packaging\dist\QCS\_internal\_tcl_data\tzdata\America\La_Paz
   Compressing: C:\Users\LAMB\Desktop\qcs_sage\packaging\dist\QCS\_internal\_tcl_data\tzdata\America\Lima
   Compressing: C:\Users\LAMB\Desktop\qcs_sage\packaging\dist\QCS\_internal\_tcl_data\tzdata\America\Los_Angeles
   Compressing: C:\Users\LAMB\Desktop\qcs_sage\packaging\dist\QCS\_internal\_tcl_data\tzdata\America\Louisville
   Compressing: C:\Users\LAMB\Desktop\qcs_sage\packaging\dist\QCS\_internal\_tcl_data\tzdata\America\Lower_Princes
   Compressing: C:\Users\LAMB\Desktop\qcs_sage\packaging\dist\QCS\_internal\_tcl_data\tzdata\America\Maceio
   Compressing: C:\Users\LAMB\Desktop\qcs_sage\packaging\dist\QCS\_internal\_tcl_data\tzdata\America\Managua
   Compressing: C:\Users\LAMB\Desktop\qcs_sage\packaging\dist\QCS\_internal\_tcl_data\tzdata\America\Manaus
   Compressing: C:\Users\LAMB\Desktop\qcs_sage\packaging\dist\QCS\_internal\_tcl_data\tzdata\America\Marigot
   Compressing: C:\Users\LAMB\Desktop\qcs_sage\packaging\dist\QCS\_internal\_tcl_data\tzdata\America\Martinique
   Compressing: C:\Users\LAMB\Desktop\qcs_sage\packaging\dist\QCS\_internal\_tcl_data\tzdata\America\Matamoros
   Compressing: C:\Users\LAMB\Desktop\qcs_sage\packaging\dist\QCS\_internal\_tcl_data\tzdata\America\Mazatlan
   Compressing: C:\Users\LAMB\Desktop\qcs_sage\packaging\dist\QCS\_internal\_tcl_data\tzdata\America\Mendoza
   Compressing: C:\Users\LAMB\Desktop\qcs_sage\packaging\dist\QCS\_internal\_tcl_data\tzdata\America\Menominee
   Compressing: C:\Users\LAMB\Desktop\qcs_sage\packaging\dist\QCS\_internal\_tcl_data\tzdata\America\Merida
   Compressing: C:\Users\LAMB\Desktop\qcs_sage\packaging\dist\QCS\_internal\_tcl_data\tzdata\America\Metlakatla
   Compressing: C:\Users\LAMB\Desktop\qcs_sage\packaging\dist\QCS\_internal\_tcl_data\tzdata\America\Mexico_City
   Compressing: C:\Users\LAMB\Desktop\qcs_sage\packaging\dist\QCS\_internal\_tcl_data\tzdata\America\Miquelon
   Compressing: C:\Users\LAMB\Desktop\qcs_sage\packaging\dist\QCS\_internal\_tcl_data\tzdata\America\Moncton
   Compressing: C:\Users\LAMB\Desktop\qcs_sage\packaging\dist\QCS\_internal\_tcl_data\tzdata\America\Monterrey
   Compressing: C:\Users\LAMB\Desktop\qcs_sage\packaging\dist\QCS\_internal\_tcl_data\tzdata\America\Montevideo
   Compressing: C:\Users\LAMB\Desktop\qcs_sage\packaging\dist\QCS\_internal\_tcl_data\tzdata\America\Montreal
   Compressing: C:\Users\LAMB\Desktop\qcs_sage\packaging\dist\QCS\_internal\_tcl_data\tzdata\America\Montserrat
   Compressing: C:\Users\LAMB\Desktop\qcs_sage\packaging\dist\QCS\_internal\_tcl_data\tzdata\America\Nassau
   Compressing: C:\Users\LAMB\Desktop\qcs_sage\packaging\dist\QCS\_internal\_tcl_data\tzdata\America\New_York
   Compressing: C:\Users\LAMB\Desktop\qcs_sage\packaging\dist\QCS\_internal\_tcl_data\tzdata\America\Nipigon
   Compressing: C:\Users\LAMB\Desktop\qcs_sage\packaging\dist\QCS\_internal\_tcl_data\tzdata\America\Nome
   Compressing: C:\Users\LAMB\Desktop\qcs_sage\packaging\dist\QCS\_internal\_tcl_data\tzdata\America\Noronha
   Compressing: C:\Users\LAMB\Desktop\qcs_sage\packaging\dist\QCS\_internal\_tcl_data\tzdata\America\Nuuk
   Compressing: C:\Users\LAMB\Desktop\qcs_sage\packaging\dist\QCS\_internal\_tcl_data\tzdata\America\Ojinaga
   Compressing: C:\Users\LAMB\Desktop\qcs_sage\packaging\dist\QCS\_internal\_tcl_data\tzdata\America\Panama
   Compressing: C:\Users\LAMB\Desktop\qcs_sage\packaging\dist\QCS\_internal\_tcl_data\tzdata\America\Pangnirtung
   Compressing: C:\Users\LAMB\Desktop\qcs_sage\packaging\dist\QCS\_internal\_tcl_data\tzdata\America\Paramaribo
   Compressing: C:\Users\LAMB\Desktop\qcs_sage\packaging\dist\QCS\_internal\_tcl_data\tzdata\America\Phoenix
   Compressing: C:\Users\LAMB\Desktop\qcs_sage\packaging\dist\QCS\_internal\_tcl_data\tzdata\America\Port-au-Prince
   Compressing: C:\Users\LAMB\Desktop\qcs_sage\packaging\dist\QCS\_internal\_tcl_data\tzdata\America\Porto_Acre
   Compressing: C:\Users\LAMB\Desktop\qcs_sage\packaging\dist\QCS\_internal\_tcl_data\tzdata\America\Porto_Velho
   Compressing: C:\Users\LAMB\Desktop\qcs_sage\packaging\dist\QCS\_internal\_tcl_data\tzdata\America\Port_of_Spain
   Compressing: C:\Users\LAMB\Desktop\qcs_sage\packaging\dist\QCS\_internal\_tcl_data\tzdata\America\Puerto_Rico
   Compressing: C:\Users\LAMB\Desktop\qcs_sage\packaging\dist\QCS\_internal\_tcl_data\tzdata\America\Punta_Arenas
   Compressing: C:\Users\LAMB\Desktop\qcs_sage\packaging\dist\QCS\_internal\_tcl_data\tzdata\America\Rainy_River
   Compressing: C:\Users\LAMB\Desktop\qcs_sage\packaging\dist\QCS\_internal\_tcl_data\tzdata\America\Rankin_Inlet
   Compressing: C:\Users\LAMB\Desktop\qcs_sage\packaging\dist\QCS\_internal\_tcl_data\tzdata\America\Recife
   Compressing: C:\Users\LAMB\Desktop\qcs_sage\packaging\dist\QCS\_internal\_tcl_data\tzdata\America\Regina
   Compressing: C:\Users\LAMB\Desktop\qcs_sage\packaging\dist\QCS\_internal\_tcl_data\tzdata\America\Resolute
   Compressing: C:\Users\LAMB\Desktop\qcs_sage\packaging\dist\QCS\_internal\_tcl_data\tzdata\America\Rio_Branco
   Compressing: C:\Users\LAMB\Desktop\qcs_sage\packaging\dist\QCS\_internal\_tcl_data\tzdata\America\Rosario
   Compressing: C:\Users\LAMB\Desktop\qcs_sage\packaging\dist\QCS\_internal\_tcl_data\tzdata\America\Santarem
   Compressing: C:\Users\LAMB\Desktop\qcs_sage\packaging\dist\QCS\_internal\_tcl_data\tzdata\America\Santa_Isabel
   Compressing: C:\Users\LAMB\Desktop\qcs_sage\packaging\dist\QCS\_internal\_tcl_data\tzdata\America\Santiago
   Compressing: C:\Users\LAMB\Desktop\qcs_sage\packaging\dist\QCS\_internal\_tcl_data\tzdata\America\Santo_Domingo
   Compressing: C:\Users\LAMB\Desktop\qcs_sage\packaging\dist\QCS\_internal\_tcl_data\tzdata\America\Sao_Paulo
   Compressing: C:\Users\LAMB\Desktop\qcs_sage\packaging\dist\QCS\_internal\_tcl_data\tzdata\America\Scoresbysund
   Compressing: C:\Users\LAMB\Desktop\qcs_sage\packaging\dist\QCS\_internal\_tcl_data\tzdata\America\Shiprock
   Compressing: C:\Users\LAMB\Desktop\qcs_sage\packaging\dist\QCS\_internal\_tcl_data\tzdata\America\Sitka
   Compressing: C:\Users\LAMB\Desktop\qcs_sage\packaging\dist\QCS\_internal\_tcl_data\tzdata\America\St_Barthelemy
   Compressing: C:\Users\LAMB\Desktop\qcs_sage\packaging\dist\QCS\_internal\_tcl_data\tzdata\America\St_Johns
   Compressing: C:\Users\LAMB\Desktop\qcs_sage\packaging\dist\QCS\_internal\_tcl_data\tzdata\America\St_Kitts
   Compressing: C:\Users\LAMB\Desktop\qcs_sage\packaging\dist\QCS\_internal\_tcl_data\tzdata\America\St_Lucia
   Compressing: C:\Users\LAMB\Desktop\qcs_sage\packaging\dist\QCS\_internal\_tcl_data\tzdata\America\St_Thomas
   Compressing: C:\Users\LAMB\Desktop\qcs_sage\packaging\dist\QCS\_internal\_tcl_data\tzdata\America\St_Vincent
   Compressing: C:\Users\LAMB\Desktop\qcs_sage\packaging\dist\QCS\_internal\_tcl_data\tzdata\America\Swift_Current
   Compressing: C:\Users\LAMB\Desktop\qcs_sage\packaging\dist\QCS\_internal\_tcl_data\tzdata\America\Tegucigalpa
   Compressing: C:\Users\LAMB\Desktop\qcs_sage\packaging\dist\QCS\_internal\_tcl_data\tzdata\America\Thule
   Compressing: C:\Users\LAMB\Desktop\qcs_sage\packaging\dist\QCS\_internal\_tcl_data\tzdata\America\Thunder_Bay
   Compressing: C:\Users\LAMB\Desktop\qcs_sage\packaging\dist\QCS\_internal\_tcl_data\tzdata\America\Tijuana
   Compressing: C:\Users\LAMB\Desktop\qcs_sage\packaging\dist\QCS\_internal\_tcl_data\tzdata\America\Toronto
   Compressing: C:\Users\LAMB\Desktop\qcs_sage\packaging\dist\QCS\_internal\_tcl_data\tzdata\America\Tortola
   Compressing: C:\Users\LAMB\Desktop\qcs_sage\packaging\dist\QCS\_internal\_tcl_data\tzdata\America\Vancouver
   Compressing: C:\Users\LAMB\Desktop\qcs_sage\packaging\dist\QCS\_internal\_tcl_data\tzdata\America\Virgin
   Compressing: C:\Users\LAMB\Desktop\qcs_sage\packaging\dist\QCS\_internal\_tcl_data\tzdata\America\Whitehorse
   Compressing: C:\Users\LAMB\Desktop\qcs_sage\packaging\dist\QCS\_internal\_tcl_data\tzdata\America\Winnipeg
   Compressing: C:\Users\LAMB\Desktop\qcs_sage\packaging\dist\QCS\_internal\_tcl_data\tzdata\America\Yakutat
   Compressing: C:\Users\LAMB\Desktop\qcs_sage\packaging\dist\QCS\_internal\_tcl_data\tzdata\America\Yellowknife
   Compressing: C:\Users\LAMB\Desktop\qcs_sage\packaging\dist\QCS\_internal\_tcl_data\tzdata\America\Argentina\Buenos_Aires
   Compressing: C:\Users\LAMB\Desktop\qcs_sage\packaging\dist\QCS\_internal\_tcl_data\tzdata\America\Argentina\Catamarca
   Compressing: C:\Users\LAMB\Desktop\qcs_sage\packaging\dist\QCS\_internal\_tcl_data\tzdata\America\Argentina\ComodRivadavia
   Compressing: C:\Users\LAMB\Desktop\qcs_sage\packaging\dist\QCS\_internal\_tcl_data\tzdata\America\Argentina\Cordoba
   Compressing: C:\Users\LAMB\Desktop\qcs_sage\packaging\dist\QCS\_internal\_tcl_data\tzdata\America\Argentina\Jujuy
   Compressing: C:\Users\LAMB\Desktop\qcs_sage\packaging\dist\QCS\_internal\_tcl_data\tzdata\America\Argentina\La_Rioja
   Compressing: C:\Users\LAMB\Desktop\qcs_sage\packaging\dist\QCS\_internal\_tcl_data\tzdata\America\Argentina\Mendoza
   Compressing: C:\Users\LAMB\Desktop\qcs_sage\packaging\dist\QCS\_internal\_tcl_data\tzdata\America\Argentina\Rio_Gallegos
   Compressing: C:\Users\LAMB\Desktop\qcs_sage\packaging\dist\QCS\_internal\_tcl_data\tzdata\America\Argentina\Salta
   Compressing: C:\Users\LAMB\Desktop\qcs_sage\packaging\dist\QCS\_internal\_tcl_data\tzdata\America\Argentina\San_Juan
   Compressing: C:\Users\LAMB\Desktop\qcs_sage\packaging\dist\QCS\_internal\_tcl_data\tzdata\America\Argentina\San_Luis
   Compressing: C:\Users\LAMB\Desktop\qcs_sage\packaging\dist\QCS\_internal\_tcl_data\tzdata\America\Argentina\Tucuman
   Compressing: C:\Users\LAMB\Desktop\qcs_sage\packaging\dist\QCS\_internal\_tcl_data\tzdata\America\Argentina\Ushuaia
   Compressing: C:\Users\LAMB\Desktop\qcs_sage\packaging\dist\QCS\_internal\_tcl_data\tzdata\America\Indiana\Indianapolis
   Compressing: C:\Users\LAMB\Desktop\qcs_sage\packaging\dist\QCS\_internal\_tcl_data\tzdata\America\Indiana\Knox
   Compressing: C:\Users\LAMB\Desktop\qcs_sage\packaging\dist\QCS\_internal\_tcl_data\tzdata\America\Indiana\Marengo
   Compressing: C:\Users\LAMB\Desktop\qcs_sage\packaging\dist\QCS\_internal\_tcl_data\tzdata\America\Indiana\Petersburg
   Compressing: C:\Users\LAMB\Desktop\qcs_sage\packaging\dist\QCS\_internal\_tcl_data\tzdata\America\Indiana\Tell_City
   Compressing: C:\Users\LAMB\Desktop\qcs_sage\packaging\dist\QCS\_internal\_tcl_data\tzdata\America\Indiana\Vevay
   Compressing: C:\Users\LAMB\Desktop\qcs_sage\packaging\dist\QCS\_internal\_tcl_data\tzdata\America\Indiana\Vincennes
   Compressing: C:\Users\LAMB\Desktop\qcs_sage\packaging\dist\QCS\_internal\_tcl_data\tzdata\America\Indiana\Winamac
   Compressing: C:\Users\LAMB\Desktop\qcs_sage\packaging\dist\QCS\_internal\_tcl_data\tzdata\America\Kentucky\Louisville
   Compressing: C:\Users\LAMB\Desktop\qcs_sage\packaging\dist\QCS\_internal\_tcl_data\tzdata\America\Kentucky\Monticello
   Compressing: C:\Users\LAMB\Desktop\qcs_sage\packaging\dist\QCS\_internal\_tcl_data\tzdata\America\North_Dakota\Beulah
   Compressing: C:\Users\LAMB\Desktop\qcs_sage\packaging\dist\QCS\_internal\_tcl_data\tzdata\America\North_Dakota\Center
   Compressing: C:\Users\LAMB\Desktop\qcs_sage\packaging\dist\QCS\_internal\_tcl_data\tzdata\America\North_Dakota\New_Salem
   Compressing: C:\Users\LAMB\Desktop\qcs_sage\packaging\dist\QCS\_internal\_tcl_data\tzdata\Antarctica\Casey
   Compressing: C:\Users\LAMB\Desktop\qcs_sage\packaging\dist\QCS\_internal\_tcl_data\tzdata\Antarctica\Davis
   Compressing: C:\Users\LAMB\Desktop\qcs_sage\packaging\dist\QCS\_internal\_tcl_data\tzdata\Antarctica\DumontDUrville
   Compressing: C:\Users\LAMB\Desktop\qcs_sage\packaging\dist\QCS\_internal\_tcl_data\tzdata\Antarctica\Macquarie
   Compressing: C:\Users\LAMB\Desktop\qcs_sage\packaging\dist\QCS\_internal\_tcl_data\tzdata\Antarctica\Mawson
   Compressing: C:\Users\LAMB\Desktop\qcs_sage\packaging\dist\QCS\_internal\_tcl_data\tzdata\Antarctica\McMurdo
   Compressing: C:\Users\LAMB\Desktop\qcs_sage\packaging\dist\QCS\_internal\_tcl_data\tzdata\Antarctica\Palmer
   Compressing: C:\Users\LAMB\Desktop\qcs_sage\packaging\dist\QCS\_internal\_tcl_data\tzdata\Antarctica\Rothera
   Compressing: C:\Users\LAMB\Desktop\qcs_sage\packaging\dist\QCS\_internal\_tcl_data\tzdata\Antarctica\South_Pole
   Compressing: C:\Users\LAMB\Desktop\qcs_sage\packaging\dist\QCS\_internal\_tcl_data\tzdata\Antarctica\Syowa
   Compressing: C:\Users\LAMB\Desktop\qcs_sage\packaging\dist\QCS\_internal\_tcl_data\tzdata\Antarctica\Troll
   Compressing: C:\Users\LAMB\Desktop\qcs_sage\packaging\dist\QCS\_internal\_tcl_data\tzdata\Antarctica\Vostok
   Compressing: C:\Users\LAMB\Desktop\qcs_sage\packaging\dist\QCS\_internal\_tcl_data\tzdata\Arctic\Longyearbyen
   Compressing: C:\Users\LAMB\Desktop\qcs_sage\packaging\dist\QCS\_internal\_tcl_data\tzdata\Asia\Aden
   Compressing: C:\Users\LAMB\Desktop\qcs_sage\packaging\dist\QCS\_internal\_tcl_data\tzdata\Asia\Almaty
   Compressing: C:\Users\LAMB\Desktop\qcs_sage\packaging\dist\QCS\_internal\_tcl_data\tzdata\Asia\Amman
   Compressing: C:\Users\LAMB\Desktop\qcs_sage\packaging\dist\QCS\_internal\_tcl_data\tzdata\Asia\Anadyr
   Compressing: C:\Users\LAMB\Desktop\qcs_sage\packaging\dist\QCS\_internal\_tcl_data\tzdata\Asia\Aqtau
   Compressing: C:\Users\LAMB\Desktop\qcs_sage\packaging\dist\QCS\_internal\_tcl_data\tzdata\Asia\Aqtobe
   Compressing: C:\Users\LAMB\Desktop\qcs_sage\packaging\dist\QCS\_internal\_tcl_data\tzdata\Asia\Ashgabat
   Compressing: C:\Users\LAMB\Desktop\qcs_sage\packaging\dist\QCS\_internal\_tcl_data\tzdata\Asia\Ashkhabad
   Compressing: C:\Users\LAMB\Desktop\qcs_sage\packaging\dist\QCS\_internal\_tcl_data\tzdata\Asia\Atyrau
   Compressing: C:\Users\LAMB\Desktop\qcs_sage\packaging\dist\QCS\_internal\_tcl_data\tzdata\Asia\Baghdad
   Compressing: C:\Users\LAMB\Desktop\qcs_sage\packaging\dist\QCS\_internal\_tcl_data\tzdata\Asia\Bahrain
   Compressing: C:\Users\LAMB\Desktop\qcs_sage\packaging\dist\QCS\_internal\_tcl_data\tzdata\Asia\Baku
   Compressing: C:\Users\LAMB\Desktop\qcs_sage\packaging\dist\QCS\_internal\_tcl_data\tzdata\Asia\Bangkok
   Compressing: C:\Users\LAMB\Desktop\qcs_sage\packaging\dist\QCS\_internal\_tcl_data\tzdata\Asia\Barnaul
   Compressing: C:\Users\LAMB\Desktop\qcs_sage\packaging\dist\QCS\_internal\_tcl_data\tzdata\Asia\Beirut
   Compressing: C:\Users\LAMB\Desktop\qcs_sage\packaging\dist\QCS\_internal\_tcl_data\tzdata\Asia\Bishkek
   Compressing: C:\Users\LAMB\Desktop\qcs_sage\packaging\dist\QCS\_internal\_tcl_data\tzdata\Asia\Brunei
   Compressing: C:\Users\LAMB\Desktop\qcs_sage\packaging\dist\QCS\_internal\_tcl_data\tzdata\Asia\Calcutta
   Compressing: C:\Users\LAMB\Desktop\qcs_sage\packaging\dist\QCS\_internal\_tcl_data\tzdata\Asia\Chita
   Compressing: C:\Users\LAMB\Desktop\qcs_sage\packaging\dist\QCS\_internal\_tcl_data\tzdata\Asia\Choibalsan
   Compressing: C:\Users\LAMB\Desktop\qcs_sage\packaging\dist\QCS\_internal\_tcl_data\tzdata\Asia\Chongqing
   Compressing: C:\Users\LAMB\Desktop\qcs_sage\packaging\dist\QCS\_internal\_tcl_data\tzdata\Asia\Chungking
   Compressing: C:\Users\LAMB\Desktop\qcs_sage\packaging\dist\QCS\_internal\_tcl_data\tzdata\Asia\Colombo
   Compressing: C:\Users\LAMB\Desktop\qcs_sage\packaging\dist\QCS\_internal\_tcl_data\tzdata\Asia\Dacca
   Compressing: C:\Users\LAMB\Desktop\qcs_sage\packaging\dist\QCS\_internal\_tcl_data\tzdata\Asia\Damascus
   Compressing: C:\Users\LAMB\Desktop\qcs_sage\packaging\dist\QCS\_internal\_tcl_data\tzdata\Asia\Dhaka
   Compressing: C:\Users\LAMB\Desktop\qcs_sage\packaging\dist\QCS\_internal\_tcl_data\tzdata\Asia\Dili
   Compressing: C:\Users\LAMB\Desktop\qcs_sage\packaging\dist\QCS\_internal\_tcl_data\tzdata\Asia\Dubai
   Compressing: C:\Users\LAMB\Desktop\qcs_sage\packaging\dist\QCS\_internal\_tcl_data\tzdata\Asia\Dushanbe
   Compressing: C:\Users\LAMB\Desktop\qcs_sage\packaging\dist\QCS\_internal\_tcl_data\tzdata\Asia\Famagusta
   Compressing: C:\Users\LAMB\Desktop\qcs_sage\packaging\dist\QCS\_internal\_tcl_data\tzdata\Asia\Gaza
   Compressing: C:\Users\LAMB\Desktop\qcs_sage\packaging\dist\QCS\_internal\_tcl_data\tzdata\Asia\Harbin
   Compressing: C:\Users\LAMB\Desktop\qcs_sage\packaging\dist\QCS\_internal\_tcl_data\tzdata\Asia\Hebron
   Compressing: C:\Users\LAMB\Desktop\qcs_sage\packaging\dist\QCS\_internal\_tcl_data\tzdata\Asia\Hong_Kong
   Compressing: C:\Users\LAMB\Desktop\qcs_sage\packaging\dist\QCS\_internal\_tcl_data\tzdata\Asia\Hovd
   Compressing: C:\Users\LAMB\Desktop\qcs_sage\packaging\dist\QCS\_internal\_tcl_data\tzdata\Asia\Ho_Chi_Minh
   Compressing: C:\Users\LAMB\Desktop\qcs_sage\packaging\dist\QCS\_internal\_tcl_data\tzdata\Asia\Irkutsk
   Compressing: C:\Users\LAMB\Desktop\qcs_sage\packaging\dist\QCS\_internal\_tcl_data\tzdata\Asia\Istanbul
   Compressing: C:\Users\LAMB\Desktop\qcs_sage\packaging\dist\QCS\_internal\_tcl_data\tzdata\Asia\Jakarta
   Compressing: C:\Users\LAMB\Desktop\qcs_sage\packaging\dist\QCS\_internal\_tcl_data\tzdata\Asia\Jayapura
   Compressing: C:\Users\LAMB\Desktop\qcs_sage\packaging\dist\QCS\_internal\_tcl_data\tzdata\Asia\Jerusalem
   Compressing: C:\Users\LAMB\Desktop\qcs_sage\packaging\dist\QCS\_internal\_tcl_data\tzdata\Asia\Kabul
   Compressing: C:\Users\LAMB\Desktop\qcs_sage\packaging\dist\QCS\_internal\_tcl_data\tzdata\Asia\Kamchatka
   Compressing: C:\Users\LAMB\Desktop\qcs_sage\packaging\dist\QCS\_internal\_tcl_data\tzdata\Asia\Karachi
   Compressing: C:\Users\LAMB\Desktop\qcs_sage\packaging\dist\QCS\_internal\_tcl_data\tzdata\Asia\Kashgar
   Compressing: C:\Users\LAMB\Desktop\qcs_sage\packaging\dist\QCS\_internal\_tcl_data\tzdata\Asia\Kathmandu
   Compressing: C:\Users\LAMB\Desktop\qcs_sage\packaging\dist\QCS\_internal\_tcl_data\tzdata\Asia\Katmandu
   Compressing: C:\Users\LAMB\Desktop\qcs_sage\packaging\dist\QCS\_internal\_tcl_data\tzdata\Asia\Khandyga
   Compressing: C:\Users\LAMB\Desktop\qcs_sage\packaging\dist\QCS\_internal\_tcl_data\tzdata\Asia\Kolkata
   Compressing: C:\Users\LAMB\Desktop\qcs_sage\packaging\dist\QCS\_internal\_tcl_data\tzdata\Asia\Krasnoyarsk
   Compressing: C:\Users\LAMB\Desktop\qcs_sage\packaging\dist\QCS\_internal\_tcl_data\tzdata\Asia\Kuala_Lumpur
   Compressing: C:\Users\LAMB\Desktop\qcs_sage\packaging\dist\QCS\_internal\_tcl_data\tzdata\Asia\Kuching
   Compressing: C:\Users\LAMB\Desktop\qcs_sage\packaging\dist\QCS\_internal\_tcl_data\tzdata\Asia\Kuwait
   Compressing: C:\Users\LAMB\Desktop\qcs_sage\packaging\dist\QCS\_internal\_tcl_data\tzdata\Asia\Macao
   Compressing: C:\Users\LAMB\Desktop\qcs_sage\packaging\dist\QCS\_internal\_tcl_data\tzdata\Asia\Macau
   Compressing: C:\Users\LAMB\Desktop\qcs_sage\packaging\dist\QCS\_internal\_tcl_data\tzdata\Asia\Magadan
   Compressing: C:\Users\LAMB\Desktop\qcs_sage\packaging\dist\QCS\_internal\_tcl_data\tzdata\Asia\Makassar
   Compressing: C:\Users\LAMB\Desktop\qcs_sage\packaging\dist\QCS\_internal\_tcl_data\tzdata\Asia\Manila
   Compressing: C:\Users\LAMB\Desktop\qcs_sage\packaging\dist\QCS\_internal\_tcl_data\tzdata\Asia\Muscat
   Compressing: C:\Users\LAMB\Desktop\qcs_sage\packaging\dist\QCS\_internal\_tcl_data\tzdata\Asia\Nicosia
   Compressing: C:\Users\LAMB\Desktop\qcs_sage\packaging\dist\QCS\_internal\_tcl_data\tzdata\Asia\Novokuznetsk
   Compressing: C:\Users\LAMB\Desktop\qcs_sage\packaging\dist\QCS\_internal\_tcl_data\tzdata\Asia\Novosibirsk
   Compressing: C:\Users\LAMB\Desktop\qcs_sage\packaging\dist\QCS\_internal\_tcl_data\tzdata\Asia\Omsk
   Compressing: C:\Users\LAMB\Desktop\qcs_sage\packaging\dist\QCS\_internal\_tcl_data\tzdata\Asia\Oral
   Compressing: C:\Users\LAMB\Desktop\qcs_sage\packaging\dist\QCS\_internal\_tcl_data\tzdata\Asia\Phnom_Penh
   Compressing: C:\Users\LAMB\Desktop\qcs_sage\packaging\dist\QCS\_internal\_tcl_data\tzdata\Asia\Pontianak
   Compressing: C:\Users\LAMB\Desktop\qcs_sage\packaging\dist\QCS\_internal\_tcl_data\tzdata\Asia\Pyongyang
   Compressing: C:\Users\LAMB\Desktop\qcs_sage\packaging\dist\QCS\_internal\_tcl_data\tzdata\Asia\Qatar
   Compressing: C:\Users\LAMB\Desktop\qcs_sage\packaging\dist\QCS\_internal\_tcl_data\tzdata\Asia\Qostanay
   Compressing: C:\Users\LAMB\Desktop\qcs_sage\packaging\dist\QCS\_internal\_tcl_data\tzdata\Asia\Qyzylorda
   Compressing: C:\Users\LAMB\Desktop\qcs_sage\packaging\dist\QCS\_internal\_tcl_data\tzdata\Asia\Rangoon
   Compressing: C:\Users\LAMB\Desktop\qcs_sage\packaging\dist\QCS\_internal\_tcl_data\tzdata\Asia\Riyadh
   Compressing: C:\Users\LAMB\Desktop\qcs_sage\packaging\dist\QCS\_internal\_tcl_data\tzdata\Asia\Saigon
   Compressing: C:\Users\LAMB\Desktop\qcs_sage\packaging\dist\QCS\_internal\_tcl_data\tzdata\Asia\Sakhalin
   Compressing: C:\Users\LAMB\Desktop\qcs_sage\packaging\dist\QCS\_internal\_tcl_data\tzdata\Asia\Samarkand
   Compressing: C:\Users\LAMB\Desktop\qcs_sage\packaging\dist\QCS\_internal\_tcl_data\tzdata\Asia\Seoul
   Compressing: C:\Users\LAMB\Desktop\qcs_sage\packaging\dist\QCS\_internal\_tcl_data\tzdata\Asia\Shanghai
   Compressing: C:\Users\LAMB\Desktop\qcs_sage\packaging\dist\QCS\_internal\_tcl_data\tzdata\Asia\Singapore
   Compressing: C:\Users\LAMB\Desktop\qcs_sage\packaging\dist\QCS\_internal\_tcl_data\tzdata\Asia\Srednekolymsk
   Compressing: C:\Users\LAMB\Desktop\qcs_sage\packaging\dist\QCS\_internal\_tcl_data\tzdata\Asia\Taipei
   Compressing: C:\Users\LAMB\Desktop\qcs_sage\packaging\dist\QCS\_internal\_tcl_data\tzdata\Asia\Tashkent
   Compressing: C:\Users\LAMB\Desktop\qcs_sage\packaging\dist\QCS\_internal\_tcl_data\tzdata\Asia\Tbilisi
   Compressing: C:\Users\LAMB\Desktop\qcs_sage\packaging\dist\QCS\_internal\_tcl_data\tzdata\Asia\Tehran
   Compressing: C:\Users\LAMB\Desktop\qcs_sage\packaging\dist\QCS\_internal\_tcl_data\tzdata\Asia\Tel_Aviv
   Compressing: C:\Users\LAMB\Desktop\qcs_sage\packaging\dist\QCS\_internal\_tcl_data\tzdata\Asia\Thimbu
   Compressing: C:\Users\LAMB\Desktop\qcs_sage\packaging\dist\QCS\_internal\_tcl_data\tzdata\Asia\Thimphu
   Compressing: C:\Users\LAMB\Desktop\qcs_sage\packaging\dist\QCS\_internal\_tcl_data\tzdata\Asia\Tokyo
   Compressing: C:\Users\LAMB\Desktop\qcs_sage\packaging\dist\QCS\_internal\_tcl_data\tzdata\Asia\Tomsk
   Compressing: C:\Users\LAMB\Desktop\qcs_sage\packaging\dist\QCS\_internal\_tcl_data\tzdata\Asia\Ujung_Pandang
   Compressing: C:\Users\LAMB\Desktop\qcs_sage\packaging\dist\QCS\_internal\_tcl_data\tzdata\Asia\Ulaanbaatar
   Compressing: C:\Users\LAMB\Desktop\qcs_sage\packaging\dist\QCS\_internal\_tcl_data\tzdata\Asia\Ulan_Bator
   Compressing: C:\Users\LAMB\Desktop\qcs_sage\packaging\dist\QCS\_internal\_tcl_data\tzdata\Asia\Urumqi
   Compressing: C:\Users\LAMB\Desktop\qcs_sage\packaging\dist\QCS\_internal\_tcl_data\tzdata\Asia\Ust-Nera
   Compressing: C:\Users\LAMB\Desktop\qcs_sage\packaging\dist\QCS\_internal\_tcl_data\tzdata\Asia\Vientiane
   Compressing: C:\Users\LAMB\Desktop\qcs_sage\packaging\dist\QCS\_internal\_tcl_data\tzdata\Asia\Vladivostok
   Compressing: C:\Users\LAMB\Desktop\qcs_sage\packaging\dist\QCS\_internal\_tcl_data\tzdata\Asia\Yakutsk
   Compressing: C:\Users\LAMB\Desktop\qcs_sage\packaging\dist\QCS\_internal\_tcl_data\tzdata\Asia\Yangon
   Compressing: C:\Users\LAMB\Desktop\qcs_sage\packaging\dist\QCS\_internal\_tcl_data\tzdata\Asia\Yekaterinburg
   Compressing: C:\Users\LAMB\Desktop\qcs_sage\packaging\dist\QCS\_internal\_tcl_data\tzdata\Asia\Yerevan
   Compressing: C:\Users\LAMB\Desktop\qcs_sage\packaging\dist\QCS\_internal\_tcl_data\tzdata\Atlantic\Azores
   Compressing: C:\Users\LAMB\Desktop\qcs_sage\packaging\dist\QCS\_internal\_tcl_data\tzdata\Atlantic\Bermuda
   Compressing: C:\Users\LAMB\Desktop\qcs_sage\packaging\dist\QCS\_internal\_tcl_data\tzdata\Atlantic\Canary
   Compressing: C:\Users\LAMB\Desktop\qcs_sage\packaging\dist\QCS\_internal\_tcl_data\tzdata\Atlantic\Cape_Verde
   Compressing: C:\Users\LAMB\Desktop\qcs_sage\packaging\dist\QCS\_internal\_tcl_data\tzdata\Atlantic\Faeroe
   Compressing: C:\Users\LAMB\Desktop\qcs_sage\packaging\dist\QCS\_internal\_tcl_data\tzdata\Atlantic\Faroe
   Compressing: C:\Users\LAMB\Desktop\qcs_sage\packaging\dist\QCS\_internal\_tcl_data\tzdata\Atlantic\Jan_Mayen
   Compressing: C:\Users\LAMB\Desktop\qcs_sage\packaging\dist\QCS\_internal\_tcl_data\tzdata\Atlantic\Madeira
   Compressing: C:\Users\LAMB\Desktop\qcs_sage\packaging\dist\QCS\_internal\_tcl_data\tzdata\Atlantic\Reykjavik
   Compressing: C:\Users\LAMB\Desktop\qcs_sage\packaging\dist\QCS\_internal\_tcl_data\tzdata\Atlantic\South_Georgia
   Compressing: C:\Users\LAMB\Desktop\qcs_sage\packaging\dist\QCS\_internal\_tcl_data\tzdata\Atlantic\Stanley
   Compressing: C:\Users\LAMB\Desktop\qcs_sage\packaging\dist\QCS\_internal\_tcl_data\tzdata\Atlantic\St_Helena
   Compressing: C:\Users\LAMB\Desktop\qcs_sage\packaging\dist\QCS\_internal\_tcl_data\tzdata\Australia\ACT
   Compressing: C:\Users\LAMB\Desktop\qcs_sage\packaging\dist\QCS\_internal\_tcl_data\tzdata\Australia\Adelaide
   Compressing: C:\Users\LAMB\Desktop\qcs_sage\packaging\dist\QCS\_internal\_tcl_data\tzdata\Australia\Brisbane
   Compressing: C:\Users\LAMB\Desktop\qcs_sage\packaging\dist\QCS\_internal\_tcl_data\tzdata\Australia\Broken_Hill
   Compressing: C:\Users\LAMB\Desktop\qcs_sage\packaging\dist\QCS\_internal\_tcl_data\tzdata\Australia\Canberra
   Compressing: C:\Users\LAMB\Desktop\qcs_sage\packaging\dist\QCS\_internal\_tcl_data\tzdata\Australia\Currie
   Compressing: C:\Users\LAMB\Desktop\qcs_sage\packaging\dist\QCS\_internal\_tcl_data\tzdata\Australia\Darwin
   Compressing: C:\Users\LAMB\Desktop\qcs_sage\packaging\dist\QCS\_internal\_tcl_data\tzdata\Australia\Eucla
   Compressing: C:\Users\LAMB\Desktop\qcs_sage\packaging\dist\QCS\_internal\_tcl_data\tzdata\Australia\Hobart
   Compressing: C:\Users\LAMB\Desktop\qcs_sage\packaging\dist\QCS\_internal\_tcl_data\tzdata\Australia\LHI
   Compressing: C:\Users\LAMB\Desktop\qcs_sage\packaging\dist\QCS\_internal\_tcl_data\tzdata\Australia\Lindeman
   Compressing: C:\Users\LAMB\Desktop\qcs_sage\packaging\dist\QCS\_internal\_tcl_data\tzdata\Australia\Lord_Howe
   Compressing: C:\Users\LAMB\Desktop\qcs_sage\packaging\dist\QCS\_internal\_tcl_data\tzdata\Australia\Melbourne
   Compressing: C:\Users\LAMB\Desktop\qcs_sage\packaging\dist\QCS\_internal\_tcl_data\tzdata\Australia\North
   Compressing: C:\Users\LAMB\Desktop\qcs_sage\packaging\dist\QCS\_internal\_tcl_data\tzdata\Australia\NSW
   Compressing: C:\Users\LAMB\Desktop\qcs_sage\packaging\dist\QCS\_internal\_tcl_data\tzdata\Australia\Perth
   Compressing: C:\Users\LAMB\Desktop\qcs_sage\packaging\dist\QCS\_internal\_tcl_data\tzdata\Australia\Queensland
   Compressing: C:\Users\LAMB\Desktop\qcs_sage\packaging\dist\QCS\_internal\_tcl_data\tzdata\Australia\South
   Compressing: C:\Users\LAMB\Desktop\qcs_sage\packaging\dist\QCS\_internal\_tcl_data\tzdata\Australia\Sydney
   Compressing: C:\Users\LAMB\Desktop\qcs_sage\packaging\dist\QCS\_internal\_tcl_data\tzdata\Australia\Tasmania
   Compressing: C:\Users\LAMB\Desktop\qcs_sage\packaging\dist\QCS\_internal\_tcl_data\tzdata\Australia\Victoria
   Compressing: C:\Users\LAMB\Desktop\qcs_sage\packaging\dist\QCS\_internal\_tcl_data\tzdata\Australia\West
   Compressing: C:\Users\LAMB\Desktop\qcs_sage\packaging\dist\QCS\_internal\_tcl_data\tzdata\Australia\Yancowinna
   Compressing: C:\Users\LAMB\Desktop\qcs_sage\packaging\dist\QCS\_internal\_tcl_data\tzdata\Brazil\Acre
   Compressing: C:\Users\LAMB\Desktop\qcs_sage\packaging\dist\QCS\_internal\_tcl_data\tzdata\Brazil\DeNoronha
   Compressing: C:\Users\LAMB\Desktop\qcs_sage\packaging\dist\QCS\_internal\_tcl_data\tzdata\Brazil\East
   Compressing: C:\Users\LAMB\Desktop\qcs_sage\packaging\dist\QCS\_internal\_tcl_data\tzdata\Brazil\West
   Compressing: C:\Users\LAMB\Desktop\qcs_sage\packaging\dist\QCS\_internal\_tcl_data\tzdata\Canada\Atlantic
   Compressing: C:\Users\LAMB\Desktop\qcs_sage\packaging\dist\QCS\_internal\_tcl_data\tzdata\Canada\Central
   Compressing: C:\Users\LAMB\Desktop\qcs_sage\packaging\dist\QCS\_internal\_tcl_data\tzdata\Canada\Eastern
   Compressing: C:\Users\LAMB\Desktop\qcs_sage\packaging\dist\QCS\_internal\_tcl_data\tzdata\Canada\Mountain
   Compressing: C:\Users\LAMB\Desktop\qcs_sage\packaging\dist\QCS\_internal\_tcl_data\tzdata\Canada\Newfoundland
   Compressing: C:\Users\LAMB\Desktop\qcs_sage\packaging\dist\QCS\_internal\_tcl_data\tzdata\Canada\Pacific
   Compressing: C:\Users\LAMB\Desktop\qcs_sage\packaging\dist\QCS\_internal\_tcl_data\tzdata\Canada\Saskatchewan
   Compressing: C:\Users\LAMB\Desktop\qcs_sage\packaging\dist\QCS\_internal\_tcl_data\tzdata\Canada\Yukon
   Compressing: C:\Users\LAMB\Desktop\qcs_sage\packaging\dist\QCS\_internal\_tcl_data\tzdata\Chile\Continental
   Compressing: C:\Users\LAMB\Desktop\qcs_sage\packaging\dist\QCS\_internal\_tcl_data\tzdata\Chile\EasterIsland
   Compressing: C:\Users\LAMB\Desktop\qcs_sage\packaging\dist\QCS\_internal\_tcl_data\tzdata\Etc\GMT
   Compressing: C:\Users\LAMB\Desktop\qcs_sage\packaging\dist\QCS\_internal\_tcl_data\tzdata\Etc\GMT+0
   Compressing: C:\Users\LAMB\Desktop\qcs_sage\packaging\dist\QCS\_internal\_tcl_data\tzdata\Etc\GMT+1
   Compressing: C:\Users\LAMB\Desktop\qcs_sage\packaging\dist\QCS\_internal\_tcl_data\tzdata\Etc\GMT+10
   Compressing: C:\Users\LAMB\Desktop\qcs_sage\packaging\dist\QCS\_internal\_tcl_data\tzdata\Etc\GMT+11
   Compressing: C:\Users\LAMB\Desktop\qcs_sage\packaging\dist\QCS\_internal\_tcl_data\tzdata\Etc\GMT+12
   Compressing: C:\Users\LAMB\Desktop\qcs_sage\packaging\dist\QCS\_internal\_tcl_data\tzdata\Etc\GMT+2
   Compressing: C:\Users\LAMB\Desktop\qcs_sage\packaging\dist\QCS\_internal\_tcl_data\tzdata\Etc\GMT+3
   Compressing: C:\Users\LAMB\Desktop\qcs_sage\packaging\dist\QCS\_internal\_tcl_data\tzdata\Etc\GMT+4
   Compressing: C:\Users\LAMB\Desktop\qcs_sage\packaging\dist\QCS\_internal\_tcl_data\tzdata\Etc\GMT+5
   Compressing: C:\Users\LAMB\Desktop\qcs_sage\packaging\dist\QCS\_internal\_tcl_data\tzdata\Etc\GMT+6
   Compressing: C:\Users\LAMB\Desktop\qcs_sage\packaging\dist\QCS\_internal\_tcl_data\tzdata\Etc\GMT+7
   Compressing: C:\Users\LAMB\Desktop\qcs_sage\packaging\dist\QCS\_internal\_tcl_data\tzdata\Etc\GMT+8
   Compressing: C:\Users\LAMB\Desktop\qcs_sage\packaging\dist\QCS\_internal\_tcl_data\tzdata\Etc\GMT+9
   Compressing: C:\Users\LAMB\Desktop\qcs_sage\packaging\dist\QCS\_internal\_tcl_data\tzdata\Etc\GMT-0
   Compressing: C:\Users\LAMB\Desktop\qcs_sage\packaging\dist\QCS\_internal\_tcl_data\tzdata\Etc\GMT-1
   Compressing: C:\Users\LAMB\Desktop\qcs_sage\packaging\dist\QCS\_internal\_tcl_data\tzdata\Etc\GMT-10
   Compressing: C:\Users\LAMB\Desktop\qcs_sage\packaging\dist\QCS\_internal\_tcl_data\tzdata\Etc\GMT-11
   Compressing: C:\Users\LAMB\Desktop\qcs_sage\packaging\dist\QCS\_internal\_tcl_data\tzdata\Etc\GMT-12
   Compressing: C:\Users\LAMB\Desktop\qcs_sage\packaging\dist\QCS\_internal\_tcl_data\tzdata\Etc\GMT-13
   Compressing: C:\Users\LAMB\Desktop\qcs_sage\packaging\dist\QCS\_internal\_tcl_data\tzdata\Etc\GMT-14
   Compressing: C:\Users\LAMB\Desktop\qcs_sage\packaging\dist\QCS\_internal\_tcl_data\tzdata\Etc\GMT-2
   Compressing: C:\Users\LAMB\Desktop\qcs_sage\packaging\dist\QCS\_internal\_tcl_data\tzdata\Etc\GMT-3
   Compressing: C:\Users\LAMB\Desktop\qcs_sage\packaging\dist\QCS\_internal\_tcl_data\tzdata\Etc\GMT-4
   Compressing: C:\Users\LAMB\Desktop\qcs_sage\packaging\dist\QCS\_internal\_tcl_data\tzdata\Etc\GMT-5
   Compressing: C:\Users\LAMB\Desktop\qcs_sage\packaging\dist\QCS\_internal\_tcl_data\tzdata\Etc\GMT-6
   Compressing: C:\Users\LAMB\Desktop\qcs_sage\packaging\dist\QCS\_internal\_tcl_data\tzdata\Etc\GMT-7
   Compressing: C:\Users\LAMB\Desktop\qcs_sage\packaging\dist\QCS\_internal\_tcl_data\tzdata\Etc\GMT-8
   Compressing: C:\Users\LAMB\Desktop\qcs_sage\packaging\dist\QCS\_internal\_tcl_data\tzdata\Etc\GMT-9
   Compressing: C:\Users\LAMB\Desktop\qcs_sage\packaging\dist\QCS\_internal\_tcl_data\tzdata\Etc\GMT0
   Compressing: C:\Users\LAMB\Desktop\qcs_sage\packaging\dist\QCS\_internal\_tcl_data\tzdata\Etc\Greenwich
   Compressing: C:\Users\LAMB\Desktop\qcs_sage\packaging\dist\QCS\_internal\_tcl_data\tzdata\Etc\UCT
   Compressing: C:\Users\LAMB\Desktop\qcs_sage\packaging\dist\QCS\_internal\_tcl_data\tzdata\Etc\Universal
   Compressing: C:\Users\LAMB\Desktop\qcs_sage\packaging\dist\QCS\_internal\_tcl_data\tzdata\Etc\UTC
   Compressing: C:\Users\LAMB\Desktop\qcs_sage\packaging\dist\QCS\_internal\_tcl_data\tzdata\Etc\Zulu
   Compressing: C:\Users\LAMB\Desktop\qcs_sage\packaging\dist\QCS\_internal\_tcl_data\tzdata\Europe\Amsterdam
   Compressing: C:\Users\LAMB\Desktop\qcs_sage\packaging\dist\QCS\_internal\_tcl_data\tzdata\Europe\Andorra
   Compressing: C:\Users\LAMB\Desktop\qcs_sage\packaging\dist\QCS\_internal\_tcl_data\tzdata\Europe\Astrakhan
   Compressing: C:\Users\LAMB\Desktop\qcs_sage\packaging\dist\QCS\_internal\_tcl_data\tzdata\Europe\Athens
   Compressing: C:\Users\LAMB\Desktop\qcs_sage\packaging\dist\QCS\_internal\_tcl_data\tzdata\Europe\Belfast
   Compressing: C:\Users\LAMB\Desktop\qcs_sage\packaging\dist\QCS\_internal\_tcl_data\tzdata\Europe\Belgrade
   Compressing: C:\Users\LAMB\Desktop\qcs_sage\packaging\dist\QCS\_internal\_tcl_data\tzdata\Europe\Berlin
   Compressing: C:\Users\LAMB\Desktop\qcs_sage\packaging\dist\QCS\_internal\_tcl_data\tzdata\Europe\Bratislava
   Compressing: C:\Users\LAMB\Desktop\qcs_sage\packaging\dist\QCS\_internal\_tcl_data\tzdata\Europe\Brussels
   Compressing: C:\Users\LAMB\Desktop\qcs_sage\packaging\dist\QCS\_internal\_tcl_data\tzdata\Europe\Bucharest
   Compressing: C:\Users\LAMB\Desktop\qcs_sage\packaging\dist\QCS\_internal\_tcl_data\tzdata\Europe\Budapest
   Compressing: C:\Users\LAMB\Desktop\qcs_sage\packaging\dist\QCS\_internal\_tcl_data\tzdata\Europe\Busingen
   Compressing: C:\Users\LAMB\Desktop\qcs_sage\packaging\dist\QCS\_internal\_tcl_data\tzdata\Europe\Chisinau
   Compressing: C:\Users\LAMB\Desktop\qcs_sage\packaging\dist\QCS\_internal\_tcl_data\tzdata\Europe\Copenhagen
   Compressing: C:\Users\LAMB\Desktop\qcs_sage\packaging\dist\QCS\_internal\_tcl_data\tzdata\Europe\Dublin
   Compressing: C:\Users\LAMB\Desktop\qcs_sage\packaging\dist\QCS\_internal\_tcl_data\tzdata\Europe\Gibraltar
   Compressing: C:\Users\LAMB\Desktop\qcs_sage\packaging\dist\QCS\_internal\_tcl_data\tzdata\Europe\Guernsey
   Compressing: C:\Users\LAMB\Desktop\qcs_sage\packaging\dist\QCS\_internal\_tcl_data\tzdata\Europe\Helsinki
   Compressing: C:\Users\LAMB\Desktop\qcs_sage\packaging\dist\QCS\_internal\_tcl_data\tzdata\Europe\Isle_of_Man
   Compressing: C:\Users\LAMB\Desktop\qcs_sage\packaging\dist\QCS\_internal\_tcl_data\tzdata\Europe\Istanbul
   Compressing: C:\Users\LAMB\Desktop\qcs_sage\packaging\dist\QCS\_internal\_tcl_data\tzdata\Europe\Jersey
   Compressing: C:\Users\LAMB\Desktop\qcs_sage\packaging\dist\QCS\_internal\_tcl_data\tzdata\Europe\Kaliningrad
   Compressing: C:\Users\LAMB\Desktop\qcs_sage\packaging\dist\QCS\_internal\_tcl_data\tzdata\Europe\Kiev
   Compressing: C:\Users\LAMB\Desktop\qcs_sage\packaging\dist\QCS\_internal\_tcl_data\tzdata\Europe\Kirov
   Compressing: C:\Users\LAMB\Desktop\qcs_sage\packaging\dist\QCS\_internal\_tcl_data\tzdata\Europe\Kyiv
   Compressing: C:\Users\LAMB\Desktop\qcs_sage\packaging\dist\QCS\_internal\_tcl_data\tzdata\Europe\Lisbon
   Compressing: C:\Users\LAMB\Desktop\qcs_sage\packaging\dist\QCS\_internal\_tcl_data\tzdata\Europe\Ljubljana
   Compressing: C:\Users\LAMB\Desktop\qcs_sage\packaging\dist\QCS\_internal\_tcl_data\tzdata\Europe\London
   Compressing: C:\Users\LAMB\Desktop\qcs_sage\packaging\dist\QCS\_internal\_tcl_data\tzdata\Europe\Luxembourg
   Compressing: C:\Users\LAMB\Desktop\qcs_sage\packaging\dist\QCS\_internal\_tcl_data\tzdata\Europe\Madrid
   Compressing: C:\Users\LAMB\Desktop\qcs_sage\packaging\dist\QCS\_internal\_tcl_data\tzdata\Europe\Malta
   Compressing: C:\Users\LAMB\Desktop\qcs_sage\packaging\dist\QCS\_internal\_tcl_data\tzdata\Europe\Mariehamn
   Compressing: C:\Users\LAMB\Desktop\qcs_sage\packaging\dist\QCS\_internal\_tcl_data\tzdata\Europe\Minsk
   Compressing: C:\Users\LAMB\Desktop\qcs_sage\packaging\dist\QCS\_internal\_tcl_data\tzdata\Europe\Monaco
   Compressing: C:\Users\LAMB\Desktop\qcs_sage\packaging\dist\QCS\_internal\_tcl_data\tzdata\Europe\Moscow
   Compressing: C:\Users\LAMB\Desktop\qcs_sage\packaging\dist\QCS\_internal\_tcl_data\tzdata\Europe\Nicosia
   Compressing: C:\Users\LAMB\Desktop\qcs_sage\packaging\dist\QCS\_internal\_tcl_data\tzdata\Europe\Oslo
   Compressing: C:\Users\LAMB\Desktop\qcs_sage\packaging\dist\QCS\_internal\_tcl_data\tzdata\Europe\Paris
   Compressing: C:\Users\LAMB\Desktop\qcs_sage\packaging\dist\QCS\_internal\_tcl_data\tzdata\Europe\Podgorica
   Compressing: C:\Users\LAMB\Desktop\qcs_sage\packaging\dist\QCS\_internal\_tcl_data\tzdata\Europe\Prague
   Compressing: C:\Users\LAMB\Desktop\qcs_sage\packaging\dist\QCS\_internal\_tcl_data\tzdata\Europe\Riga
   Compressing: C:\Users\LAMB\Desktop\qcs_sage\packaging\dist\QCS\_internal\_tcl_data\tzdata\Europe\Rome
   Compressing: C:\Users\LAMB\Desktop\qcs_sage\packaging\dist\QCS\_internal\_tcl_data\tzdata\Europe\Samara
   Compressing: C:\Users\LAMB\Desktop\qcs_sage\packaging\dist\QCS\_internal\_tcl_data\tzdata\Europe\San_Marino
   Compressing: C:\Users\LAMB\Desktop\qcs_sage\packaging\dist\QCS\_internal\_tcl_data\tzdata\Europe\Sarajevo
   Compressing: C:\Users\LAMB\Desktop\qcs_sage\packaging\dist\QCS\_internal\_tcl_data\tzdata\Europe\Saratov
   Compressing: C:\Users\LAMB\Desktop\qcs_sage\packaging\dist\QCS\_internal\_tcl_data\tzdata\Europe\Simferopol
   Compressing: C:\Users\LAMB\Desktop\qcs_sage\packaging\dist\QCS\_internal\_tcl_data\tzdata\Europe\Skopje
   Compressing: C:\Users\LAMB\Desktop\qcs_sage\packaging\dist\QCS\_internal\_tcl_data\tzdata\Europe\Sofia
   Compressing: C:\Users\LAMB\Desktop\qcs_sage\packaging\dist\QCS\_internal\_tcl_data\tzdata\Europe\Stockholm
   Compressing: C:\Users\LAMB\Desktop\qcs_sage\packaging\dist\QCS\_internal\_tcl_data\tzdata\Europe\Tallinn
   Compressing: C:\Users\LAMB\Desktop\qcs_sage\packaging\dist\QCS\_internal\_tcl_data\tzdata\Europe\Tirane
   Compressing: C:\Users\LAMB\Desktop\qcs_sage\packaging\dist\QCS\_internal\_tcl_data\tzdata\Europe\Tiraspol
   Compressing: C:\Users\LAMB\Desktop\qcs_sage\packaging\dist\QCS\_internal\_tcl_data\tzdata\Europe\Ulyanovsk
   Compressing: C:\Users\LAMB\Desktop\qcs_sage\packaging\dist\QCS\_internal\_tcl_data\tzdata\Europe\Uzhgorod
   Compressing: C:\Users\LAMB\Desktop\qcs_sage\packaging\dist\QCS\_internal\_tcl_data\tzdata\Europe\Vaduz
   Compressing: C:\Users\LAMB\Desktop\qcs_sage\packaging\dist\QCS\_internal\_tcl_data\tzdata\Europe\Vatican
   Compressing: C:\Users\LAMB\Desktop\qcs_sage\packaging\dist\QCS\_internal\_tcl_data\tzdata\Europe\Vienna
   Compressing: C:\Users\LAMB\Desktop\qcs_sage\packaging\dist\QCS\_internal\_tcl_data\tzdata\Europe\Vilnius
   Compressing: C:\Users\LAMB\Desktop\qcs_sage\packaging\dist\QCS\_internal\_tcl_data\tzdata\Europe\Volgograd
   Compressing: C:\Users\LAMB\Desktop\qcs_sage\packaging\dist\QCS\_internal\_tcl_data\tzdata\Europe\Warsaw
   Compressing: C:\Users\LAMB\Desktop\qcs_sage\packaging\dist\QCS\_internal\_tcl_data\tzdata\Europe\Zagreb
   Compressing: C:\Users\LAMB\Desktop\qcs_sage\packaging\dist\QCS\_internal\_tcl_data\tzdata\Europe\Zaporozhye
   Compressing: C:\Users\LAMB\Desktop\qcs_sage\packaging\dist\QCS\_internal\_tcl_data\tzdata\Europe\Zurich
   Compressing: C:\Users\LAMB\Desktop\qcs_sage\packaging\dist\QCS\_internal\_tcl_data\tzdata\Indian\Antananarivo
   Compressing: C:\Users\LAMB\Desktop\qcs_sage\packaging\dist\QCS\_internal\_tcl_data\tzdata\Indian\Chagos
   Compressing: C:\Users\LAMB\Desktop\qcs_sage\packaging\dist\QCS\_internal\_tcl_data\tzdata\Indian\Christmas
   Compressing: C:\Users\LAMB\Desktop\qcs_sage\packaging\dist\QCS\_internal\_tcl_data\tzdata\Indian\Cocos
   Compressing: C:\Users\LAMB\Desktop\qcs_sage\packaging\dist\QCS\_internal\_tcl_data\tzdata\Indian\Comoro
   Compressing: C:\Users\LAMB\Desktop\qcs_sage\packaging\dist\QCS\_internal\_tcl_data\tzdata\Indian\Kerguelen
   Compressing: C:\Users\LAMB\Desktop\qcs_sage\packaging\dist\QCS\_internal\_tcl_data\tzdata\Indian\Mahe
   Compressing: C:\Users\LAMB\Desktop\qcs_sage\packaging\dist\QCS\_internal\_tcl_data\tzdata\Indian\Maldives
   Compressing: C:\Users\LAMB\Desktop\qcs_sage\packaging\dist\QCS\_internal\_tcl_data\tzdata\Indian\Mauritius
   Compressing: C:\Users\LAMB\Desktop\qcs_sage\packaging\dist\QCS\_internal\_tcl_data\tzdata\Indian\Mayotte
   Compressing: C:\Users\LAMB\Desktop\qcs_sage\packaging\dist\QCS\_internal\_tcl_data\tzdata\Indian\Reunion
   Compressing: C:\Users\LAMB\Desktop\qcs_sage\packaging\dist\QCS\_internal\_tcl_data\tzdata\Mexico\BajaNorte
   Compressing: C:\Users\LAMB\Desktop\qcs_sage\packaging\dist\QCS\_internal\_tcl_data\tzdata\Mexico\BajaSur
   Compressing: C:\Users\LAMB\Desktop\qcs_sage\packaging\dist\QCS\_internal\_tcl_data\tzdata\Mexico\General
   Compressing: C:\Users\LAMB\Desktop\qcs_sage\packaging\dist\QCS\_internal\_tcl_data\tzdata\Pacific\Apia
   Compressing: C:\Users\LAMB\Desktop\qcs_sage\packaging\dist\QCS\_internal\_tcl_data\tzdata\Pacific\Auckland
   Compressing: C:\Users\LAMB\Desktop\qcs_sage\packaging\dist\QCS\_internal\_tcl_data\tzdata\Pacific\Bougainville
   Compressing: C:\Users\LAMB\Desktop\qcs_sage\packaging\dist\QCS\_internal\_tcl_data\tzdata\Pacific\Chatham
   Compressing: C:\Users\LAMB\Desktop\qcs_sage\packaging\dist\QCS\_internal\_tcl_data\tzdata\Pacific\Chuuk
   Compressing: C:\Users\LAMB\Desktop\qcs_sage\packaging\dist\QCS\_internal\_tcl_data\tzdata\Pacific\Easter
   Compressing: C:\Users\LAMB\Desktop\qcs_sage\packaging\dist\QCS\_internal\_tcl_data\tzdata\Pacific\Efate
   Compressing: C:\Users\LAMB\Desktop\qcs_sage\packaging\dist\QCS\_internal\_tcl_data\tzdata\Pacific\Enderbury
   Compressing: C:\Users\LAMB\Desktop\qcs_sage\packaging\dist\QCS\_internal\_tcl_data\tzdata\Pacific\Fakaofo
   Compressing: C:\Users\LAMB\Desktop\qcs_sage\packaging\dist\QCS\_internal\_tcl_data\tzdata\Pacific\Fiji
   Compressing: C:\Users\LAMB\Desktop\qcs_sage\packaging\dist\QCS\_internal\_tcl_data\tzdata\Pacific\Funafuti
   Compressing: C:\Users\LAMB\Desktop\qcs_sage\packaging\dist\QCS\_internal\_tcl_data\tzdata\Pacific\Galapagos
   Compressing: C:\Users\LAMB\Desktop\qcs_sage\packaging\dist\QCS\_internal\_tcl_data\tzdata\Pacific\Gambier
   Compressing: C:\Users\LAMB\Desktop\qcs_sage\packaging\dist\QCS\_internal\_tcl_data\tzdata\Pacific\Guadalcanal
   Compressing: C:\Users\LAMB\Desktop\qcs_sage\packaging\dist\QCS\_internal\_tcl_data\tzdata\Pacific\Guam
   Compressing: C:\Users\LAMB\Desktop\qcs_sage\packaging\dist\QCS\_internal\_tcl_data\tzdata\Pacific\Honolulu
   Compressing: C:\Users\LAMB\Desktop\qcs_sage\packaging\dist\QCS\_internal\_tcl_data\tzdata\Pacific\Johnston
   Compressing: C:\Users\LAMB\Desktop\qcs_sage\packaging\dist\QCS\_internal\_tcl_data\tzdata\Pacific\Kanton
   Compressing: C:\Users\LAMB\Desktop\qcs_sage\packaging\dist\QCS\_internal\_tcl_data\tzdata\Pacific\Kiritimati
   Compressing: C:\Users\LAMB\Desktop\qcs_sage\packaging\dist\QCS\_internal\_tcl_data\tzdata\Pacific\Kosrae
   Compressing: C:\Users\LAMB\Desktop\qcs_sage\packaging\dist\QCS\_internal\_tcl_data\tzdata\Pacific\Kwajalein
   Compressing: C:\Users\LAMB\Desktop\qcs_sage\packaging\dist\QCS\_internal\_tcl_data\tzdata\Pacific\Majuro
   Compressing: C:\Users\LAMB\Desktop\qcs_sage\packaging\dist\QCS\_internal\_tcl_data\tzdata\Pacific\Marquesas
   Compressing: C:\Users\LAMB\Desktop\qcs_sage\packaging\dist\QCS\_internal\_tcl_data\tzdata\Pacific\Midway
   Compressing: C:\Users\LAMB\Desktop\qcs_sage\packaging\dist\QCS\_internal\_tcl_data\tzdata\Pacific\Nauru
   Compressing: C:\Users\LAMB\Desktop\qcs_sage\packaging\dist\QCS\_internal\_tcl_data\tzdata\Pacific\Niue
   Compressing: C:\Users\LAMB\Desktop\qcs_sage\packaging\dist\QCS\_internal\_tcl_data\tzdata\Pacific\Norfolk
   Compressing: C:\Users\LAMB\Desktop\qcs_sage\packaging\dist\QCS\_internal\_tcl_data\tzdata\Pacific\Noumea
   Compressing: C:\Users\LAMB\Desktop\qcs_sage\packaging\dist\QCS\_internal\_tcl_data\tzdata\Pacific\Pago_Pago
   Compressing: C:\Users\LAMB\Desktop\qcs_sage\packaging\dist\QCS\_internal\_tcl_data\tzdata\Pacific\Palau
   Compressing: C:\Users\LAMB\Desktop\qcs_sage\packaging\dist\QCS\_internal\_tcl_data\tzdata\Pacific\Pitcairn
   Compressing: C:\Users\LAMB\Desktop\qcs_sage\packaging\dist\QCS\_internal\_tcl_data\tzdata\Pacific\Pohnpei
   Compressing: C:\Users\LAMB\Desktop\qcs_sage\packaging\dist\QCS\_internal\_tcl_data\tzdata\Pacific\Ponape
   Compressing: C:\Users\LAMB\Desktop\qcs_sage\packaging\dist\QCS\_internal\_tcl_data\tzdata\Pacific\Port_Moresby
   Compressing: C:\Users\LAMB\Desktop\qcs_sage\packaging\dist\QCS\_internal\_tcl_data\tzdata\Pacific\Rarotonga
   Compressing: C:\Users\LAMB\Desktop\qcs_sage\packaging\dist\QCS\_internal\_tcl_data\tzdata\Pacific\Saipan
   Compressing: C:\Users\LAMB\Desktop\qcs_sage\packaging\dist\QCS\_internal\_tcl_data\tzdata\Pacific\Samoa
   Compressing: C:\Users\LAMB\Desktop\qcs_sage\packaging\dist\QCS\_internal\_tcl_data\tzdata\Pacific\Tahiti
   Compressing: C:\Users\LAMB\Desktop\qcs_sage\packaging\dist\QCS\_internal\_tcl_data\tzdata\Pacific\Tarawa
   Compressing: C:\Users\LAMB\Desktop\qcs_sage\packaging\dist\QCS\_internal\_tcl_data\tzdata\Pacific\Tongatapu
   Compressing: C:\Users\LAMB\Desktop\qcs_sage\packaging\dist\QCS\_internal\_tcl_data\tzdata\Pacific\Truk
   Compressing: C:\Users\LAMB\Desktop\qcs_sage\packaging\dist\QCS\_internal\_tcl_data\tzdata\Pacific\Wake
   Compressing: C:\Users\LAMB\Desktop\qcs_sage\packaging\dist\QCS\_internal\_tcl_data\tzdata\Pacific\Wallis
   Compressing: C:\Users\LAMB\Desktop\qcs_sage\packaging\dist\QCS\_internal\_tcl_data\tzdata\Pacific\Yap
   Compressing: C:\Users\LAMB\Desktop\qcs_sage\packaging\dist\QCS\_internal\_tcl_data\tzdata\SystemV\AST4
   Compressing: C:\Users\LAMB\Desktop\qcs_sage\packaging\dist\QCS\_internal\_tcl_data\tzdata\SystemV\AST4ADT
   Compressing: C:\Users\LAMB\Desktop\qcs_sage\packaging\dist\QCS\_internal\_tcl_data\tzdata\SystemV\CST6
   Compressing: C:\Users\LAMB\Desktop\qcs_sage\packaging\dist\QCS\_internal\_tcl_data\tzdata\SystemV\CST6CDT
   Compressing: C:\Users\LAMB\Desktop\qcs_sage\packaging\dist\QCS\_internal\_tcl_data\tzdata\SystemV\EST5
   Compressing: C:\Users\LAMB\Desktop\qcs_sage\packaging\dist\QCS\_internal\_tcl_data\tzdata\SystemV\EST5EDT
   Compressing: C:\Users\LAMB\Desktop\qcs_sage\packaging\dist\QCS\_internal\_tcl_data\tzdata\SystemV\HST10
   Compressing: C:\Users\LAMB\Desktop\qcs_sage\packaging\dist\QCS\_internal\_tcl_data\tzdata\SystemV\MST7
   Compressing: C:\Users\LAMB\Desktop\qcs_sage\packaging\dist\QCS\_internal\_tcl_data\tzdata\SystemV\MST7MDT
   Compressing: C:\Users\LAMB\Desktop\qcs_sage\packaging\dist\QCS\_internal\_tcl_data\tzdata\SystemV\PST8
   Compressing: C:\Users\LAMB\Desktop\qcs_sage\packaging\dist\QCS\_internal\_tcl_data\tzdata\SystemV\PST8PDT
   Compressing: C:\Users\LAMB\Desktop\qcs_sage\packaging\dist\QCS\_internal\_tcl_data\tzdata\SystemV\YST9
   Compressing: C:\Users\LAMB\Desktop\qcs_sage\packaging\dist\QCS\_internal\_tcl_data\tzdata\SystemV\YST9YDT
   Compressing: C:\Users\LAMB\Desktop\qcs_sage\packaging\dist\QCS\_internal\_tcl_data\tzdata\US\Alaska
   Compressing: C:\Users\LAMB\Desktop\qcs_sage\packaging\dist\QCS\_internal\_tcl_data\tzdata\US\Aleutian
   Compressing: C:\Users\LAMB\Desktop\qcs_sage\packaging\dist\QCS\_internal\_tcl_data\tzdata\US\Arizona
   Compressing: C:\Users\LAMB\Desktop\qcs_sage\packaging\dist\QCS\_internal\_tcl_data\tzdata\US\Central
   Compressing: C:\Users\LAMB\Desktop\qcs_sage\packaging\dist\QCS\_internal\_tcl_data\tzdata\US\East-Indiana
   Compressing: C:\Users\LAMB\Desktop\qcs_sage\packaging\dist\QCS\_internal\_tcl_data\tzdata\US\Eastern
   Compressing: C:\Users\LAMB\Desktop\qcs_sage\packaging\dist\QCS\_internal\_tcl_data\tzdata\US\Hawaii
   Compressing: C:\Users\LAMB\Desktop\qcs_sage\packaging\dist\QCS\_internal\_tcl_data\tzdata\US\Indiana-Starke
   Compressing: C:\Users\LAMB\Desktop\qcs_sage\packaging\dist\QCS\_internal\_tcl_data\tzdata\US\Michigan
   Compressing: C:\Users\LAMB\Desktop\qcs_sage\packaging\dist\QCS\_internal\_tcl_data\tzdata\US\Mountain
   Compressing: C:\Users\LAMB\Desktop\qcs_sage\packaging\dist\QCS\_internal\_tcl_data\tzdata\US\Pacific
   Compressing: C:\Users\LAMB\Desktop\qcs_sage\packaging\dist\QCS\_internal\_tcl_data\tzdata\US\Samoa
   Compressing: C:\Users\LAMB\Desktop\qcs_sage\packaging\dist\QCS\_internal\_tk_data\bgerror.tcl
   Compressing: C:\Users\LAMB\Desktop\qcs_sage\packaging\dist\QCS\_internal\_tk_data\button.tcl
   Compressing: C:\Users\LAMB\Desktop\qcs_sage\packaging\dist\QCS\_internal\_tk_data\choosedir.tcl
   Compressing: C:\Users\LAMB\Desktop\qcs_sage\packaging\dist\QCS\_internal\_tk_data\clrpick.tcl
   Compressing: C:\Users\LAMB\Desktop\qcs_sage\packaging\dist\QCS\_internal\_tk_data\comdlg.tcl
   Compressing: C:\Users\LAMB\Desktop\qcs_sage\packaging\dist\QCS\_internal\_tk_data\console.tcl
   Compressing: C:\Users\LAMB\Desktop\qcs_sage\packaging\dist\QCS\_internal\_tk_data\dialog.tcl
   Compressing: C:\Users\LAMB\Desktop\qcs_sage\packaging\dist\QCS\_internal\_tk_data\entry.tcl
   Compressing: C:\Users\LAMB\Desktop\qcs_sage\packaging\dist\QCS\_internal\_tk_data\focus.tcl
   Compressing: C:\Users\LAMB\Desktop\qcs_sage\packaging\dist\QCS\_internal\_tk_data\fontchooser.tcl
   Compressing: C:\Users\LAMB\Desktop\qcs_sage\packaging\dist\QCS\_internal\_tk_data\iconlist.tcl
   Compressing: C:\Users\LAMB\Desktop\qcs_sage\packaging\dist\QCS\_internal\_tk_data\icons.tcl
   Compressing: C:\Users\LAMB\Desktop\qcs_sage\packaging\dist\QCS\_internal\_tk_data\license.terms
   Compressing: C:\Users\LAMB\Desktop\qcs_sage\packaging\dist\QCS\_internal\_tk_data\listbox.tcl
   Compressing: C:\Users\LAMB\Desktop\qcs_sage\packaging\dist\QCS\_internal\_tk_data\megawidget.tcl
   Compressing: C:\Users\LAMB\Desktop\qcs_sage\packaging\dist\QCS\_internal\_tk_data\menu.tcl
   Compressing: C:\Users\LAMB\Desktop\qcs_sage\packaging\dist\QCS\_internal\_tk_data\mkpsenc.tcl
   Compressing: C:\Users\LAMB\Desktop\qcs_sage\packaging\dist\QCS\_internal\_tk_data\msgbox.tcl
   Compressing: C:\Users\LAMB\Desktop\qcs_sage\packaging\dist\QCS\_internal\_tk_data\obsolete.tcl
   Compressing: C:\Users\LAMB\Desktop\qcs_sage\packaging\dist\QCS\_internal\_tk_data\optMenu.tcl
   Compressing: C:\Users\LAMB\Desktop\qcs_sage\packaging\dist\QCS\_internal\_tk_data\palette.tcl
   Compressing: C:\Users\LAMB\Desktop\qcs_sage\packaging\dist\QCS\_internal\_tk_data\panedwindow.tcl
   Compressing: C:\Users\LAMB\Desktop\qcs_sage\packaging\dist\QCS\_internal\_tk_data\pkgIndex.tcl
   Compressing: C:\Users\LAMB\Desktop\qcs_sage\packaging\dist\QCS\_internal\_tk_data\safetk.tcl
   Compressing: C:\Users\LAMB\Desktop\qcs_sage\packaging\dist\QCS\_internal\_tk_data\scale.tcl
   Compressing: C:\Users\LAMB\Desktop\qcs_sage\packaging\dist\QCS\_internal\_tk_data\scrlbar.tcl
   Compressing: C:\Users\LAMB\Desktop\qcs_sage\packaging\dist\QCS\_internal\_tk_data\spinbox.tcl
   Compressing: C:\Users\LAMB\Desktop\qcs_sage\packaging\dist\QCS\_internal\_tk_data\tclIndex
   Compressing: C:\Users\LAMB\Desktop\qcs_sage\packaging\dist\QCS\_internal\_tk_data\tearoff.tcl
   Compressing: C:\Users\LAMB\Desktop\qcs_sage\packaging\dist\QCS\_internal\_tk_data\text.tcl
   Compressing: C:\Users\LAMB\Desktop\qcs_sage\packaging\dist\QCS\_internal\_tk_data\tk.tcl
   Compressing: C:\Users\LAMB\Desktop\qcs_sage\packaging\dist\QCS\_internal\_tk_data\tkfbox.tcl
   Compressing: C:\Users\LAMB\Desktop\qcs_sage\packaging\dist\QCS\_internal\_tk_data\unsupported.tcl
   Compressing: C:\Users\LAMB\Desktop\qcs_sage\packaging\dist\QCS\_internal\_tk_data\xmfbox.tcl
   Compressing: C:\Users\LAMB\Desktop\qcs_sage\packaging\dist\QCS\_internal\_tk_data\images\logo.eps
   Compressing: C:\Users\LAMB\Desktop\qcs_sage\packaging\dist\QCS\_internal\_tk_data\images\logo100.gif
   Compressing: C:\Users\LAMB\Desktop\qcs_sage\packaging\dist\QCS\_internal\_tk_data\images\logo64.gif
   Compressing: C:\Users\LAMB\Desktop\qcs_sage\packaging\dist\QCS\_internal\_tk_data\images\logoLarge.gif
   Compressing: C:\Users\LAMB\Desktop\qcs_sage\packaging\dist\QCS\_internal\_tk_data\images\logoMed.gif
   Compressing: C:\Users\LAMB\Desktop\qcs_sage\packaging\dist\QCS\_internal\_tk_data\images\pwrdLogo.eps
   Compressing: C:\Users\LAMB\Desktop\qcs_sage\packaging\dist\QCS\_internal\_tk_data\images\pwrdLogo100.gif
   Compressing: C:\Users\LAMB\Desktop\qcs_sage\packaging\dist\QCS\_internal\_tk_data\images\pwrdLogo150.gif
   Compressing: C:\Users\LAMB\Desktop\qcs_sage\packaging\dist\QCS\_internal\_tk_data\images\pwrdLogo175.gif
   Compressing: C:\Users\LAMB\Desktop\qcs_sage\packaging\dist\QCS\_internal\_tk_data\images\pwrdLogo200.gif
   Compressing: C:\Users\LAMB\Desktop\qcs_sage\packaging\dist\QCS\_internal\_tk_data\images\pwrdLogo75.gif
   Compressing: C:\Users\LAMB\Desktop\qcs_sage\packaging\dist\QCS\_internal\_tk_data\images\README
   Compressing: C:\Users\LAMB\Desktop\qcs_sage\packaging\dist\QCS\_internal\_tk_data\images\tai-ku.gif
   Compressing: C:\Users\LAMB\Desktop\qcs_sage\packaging\dist\QCS\_internal\_tk_data\msgs\cs.msg
   Compressing: C:\Users\LAMB\Desktop\qcs_sage\packaging\dist\QCS\_internal\_tk_data\msgs\da.msg
   Compressing: C:\Users\LAMB\Desktop\qcs_sage\packaging\dist\QCS\_internal\_tk_data\msgs\de.msg
   Compressing: C:\Users\LAMB\Desktop\qcs_sage\packaging\dist\QCS\_internal\_tk_data\msgs\el.msg
   Compressing: C:\Users\LAMB\Desktop\qcs_sage\packaging\dist\QCS\_internal\_tk_data\msgs\en.msg
   Compressing: C:\Users\LAMB\Desktop\qcs_sage\packaging\dist\QCS\_internal\_tk_data\msgs\en_gb.msg
   Compressing: C:\Users\LAMB\Desktop\qcs_sage\packaging\dist\QCS\_internal\_tk_data\msgs\eo.msg
   Compressing: C:\Users\LAMB\Desktop\qcs_sage\packaging\dist\QCS\_internal\_tk_data\msgs\es.msg
   Compressing: C:\Users\LAMB\Desktop\qcs_sage\packaging\dist\QCS\_internal\_tk_data\msgs\fi.msg
   Compressing: C:\Users\LAMB\Desktop\qcs_sage\packaging\dist\QCS\_internal\_tk_data\msgs\fr.msg
   Compressing: C:\Users\LAMB\Desktop\qcs_sage\packaging\dist\QCS\_internal\_tk_data\msgs\hu.msg
   Compressing: C:\Users\LAMB\Desktop\qcs_sage\packaging\dist\QCS\_internal\_tk_data\msgs\it.msg
   Compressing: C:\Users\LAMB\Desktop\qcs_sage\packaging\dist\QCS\_internal\_tk_data\msgs\nl.msg
   Compressing: C:\Users\LAMB\Desktop\qcs_sage\packaging\dist\QCS\_internal\_tk_data\msgs\pl.msg
   Compressing: C:\Users\LAMB\Desktop\qcs_sage\packaging\dist\QCS\_internal\_tk_data\msgs\pt.msg
   Compressing: C:\Users\LAMB\Desktop\qcs_sage\packaging\dist\QCS\_internal\_tk_data\msgs\ru.msg
   Compressing: C:\Users\LAMB\Desktop\qcs_sage\packaging\dist\QCS\_internal\_tk_data\msgs\sv.msg
   Compressing: C:\Users\LAMB\Desktop\qcs_sage\packaging\dist\QCS\_internal\_tk_data\msgs\zh_cn.msg
   Compressing: C:\Users\LAMB\Desktop\qcs_sage\packaging\dist\QCS\_internal\_tk_data\ttk\altTheme.tcl
   Compressing: C:\Users\LAMB\Desktop\qcs_sage\packaging\dist\QCS\_internal\_tk_data\ttk\aquaTheme.tcl
   Compressing: C:\Users\LAMB\Desktop\qcs_sage\packaging\dist\QCS\_internal\_tk_data\ttk\button.tcl
   Compressing: C:\Users\LAMB\Desktop\qcs_sage\packaging\dist\QCS\_internal\_tk_data\ttk\clamTheme.tcl
   Compressing: C:\Users\LAMB\Desktop\qcs_sage\packaging\dist\QCS\_internal\_tk_data\ttk\classicTheme.tcl
   Compressing: C:\Users\LAMB\Desktop\qcs_sage\packaging\dist\QCS\_internal\_tk_data\ttk\combobox.tcl
   Compressing: C:\Users\LAMB\Desktop\qcs_sage\packaging\dist\QCS\_internal\_tk_data\ttk\cursors.tcl
   Compressing: C:\Users\LAMB\Desktop\qcs_sage\packaging\dist\QCS\_internal\_tk_data\ttk\defaults.tcl
   Compressing: C:\Users\LAMB\Desktop\qcs_sage\packaging\dist\QCS\_internal\_tk_data\ttk\entry.tcl
   Compressing: C:\Users\LAMB\Desktop\qcs_sage\packaging\dist\QCS\_internal\_tk_data\ttk\fonts.tcl
   Compressing: C:\Users\LAMB\Desktop\qcs_sage\packaging\dist\QCS\_internal\_tk_data\ttk\menubutton.tcl
   Compressing: C:\Users\LAMB\Desktop\qcs_sage\packaging\dist\QCS\_internal\_tk_data\ttk\notebook.tcl
   Compressing: C:\Users\LAMB\Desktop\qcs_sage\packaging\dist\QCS\_internal\_tk_data\ttk\panedwindow.tcl
   Compressing: C:\Users\LAMB\Desktop\qcs_sage\packaging\dist\QCS\_internal\_tk_data\ttk\progress.tcl
   Compressing: C:\Users\LAMB\Desktop\qcs_sage\packaging\dist\QCS\_internal\_tk_data\ttk\scale.tcl
   Compressing: C:\Users\LAMB\Desktop\qcs_sage\packaging\dist\QCS\_internal\_tk_data\ttk\scrollbar.tcl
   Compressing: C:\Users\LAMB\Desktop\qcs_sage\packaging\dist\QCS\_internal\_tk_data\ttk\sizegrip.tcl
   Compressing: C:\Users\LAMB\Desktop\qcs_sage\packaging\dist\QCS\_internal\_tk_data\ttk\spinbox.tcl
   Compressing: C:\Users\LAMB\Desktop\qcs_sage\packaging\dist\QCS\_internal\_tk_data\ttk\treeview.tcl
   Compressing: C:\Users\LAMB\Desktop\qcs_sage\packaging\dist\QCS\_internal\_tk_data\ttk\ttk.tcl
   Compressing: C:\Users\LAMB\Desktop\qcs_sage\packaging\dist\QCS\_internal\_tk_data\ttk\utils.tcl
   Compressing: C:\Users\LAMB\Desktop\qcs_sage\packaging\dist\QCS\_internal\_tk_data\ttk\vistaTheme.tcl
   Compressing: C:\Users\LAMB\Desktop\qcs_sage\packaging\dist\QCS\_internal\_tk_data\ttk\winTheme.tcl
   Compressing: C:\Users\LAMB\Desktop\qcs_sage\packaging\dist\QCS\_internal\_tk_data\ttk\xpTheme.tcl
   Compressing Setup program executable
   Updating version info (Setup.exe)
   Updating manifest (Setup.exe)


Successful compile (88.500 sec). Resulting Setup program filename is:
C:\Users\LAMB\Desktop\qcs_sage\packaging\Output\QCS_Setup_v14.0.exe
